Model,AIC_Value,ExactAge,AgeGroup,StudyID
Vanilla,184.290176531747,20.904109589041095,Adults,1
EmoQ,181.925017314023,20.904109589041095,Adults,1
EmoBias,180.858233993936,20.904109589041095,Adults,1
EmoHier,194.42418346837,20.904109589041095,Adults,1
EmoAvg,182.024885409341,20.904109589041095,Adults,1
Cong,184.589144063736,20.904109589041095,Adults,1
Cond,174.374511987474,20.904109589041095,Adults,1
CongBeta,181.566331050231,20.904109589041095,Adults,1
CondBeta,177.588359016697,20.904109589041095,Adults,1
Vanilla,253.532985001581,20.23835616438356,Adults,2
EmoQ,205.7279606419,20.23835616438356,Adults,2
EmoBias,245.339042793869,20.23835616438356,Adults,2
EmoHier,224.054397032009,20.23835616438356,Adults,2
EmoAvg,214.699121774067,20.23835616438356,Adults,2
Cong,211.436761308942,20.23835616438356,Adults,2
Cond,194.319302730052,20.23835616438356,Adults,2
CongBeta,215.465088667363,20.23835616438356,Adults,2
CondBeta,197.2663417921,20.23835616438356,Adults,2
Vanilla,199.646677763949,20.427397260273978,Adults,3
EmoQ,81.5293601362768,20.427397260273978,Adults,3
EmoBias,72.3373032164147,20.427397260273978,Adults,3
EmoHier,156.465990328468,20.427397260273978,Adults,3
EmoAvg,63.8638318389289,20.427397260273978,Adults,3
Cong,136.576809915673,20.427397260273978,Adults,3
Cond,137.990485799649,20.427397260273978,Adults,3
CongBeta,130.620197767975,20.427397260273978,Adults,3
CondBeta,125.771669861159,20.427397260273978,Adults,3
Vanilla,150.585486826892,20.643835616438356,Adults,4
EmoQ,170.741500185607,20.643835616438356,Adults,4
EmoBias,169.439869970964,20.643835616438356,Adults,4
EmoHier,154.585487357121,20.643835616438356,Adults,4
EmoAvg,166.474132405547,20.643835616438356,Adults,4
Cong,150.14399318809,20.643835616438356,Adults,4
Cond,138.896400753694,20.643835616438356,Adults,4
CongBeta,150.887441785401,20.643835616438356,Adults,4
CondBeta,139.637488956553,20.643835616438356,Adults,4
Vanilla,253.532985001581,21.005479452054793,Adults,5
EmoQ,248.100328124025,21.005479452054793,Adults,5
EmoBias,250.100328124011,21.005479452054793,Adults,5
EmoHier,256.952466418846,21.005479452054793,Adults,5
EmoAvg,250.100328124026,21.005479452054793,Adults,5
Cong,250.654835445361,21.005479452054793,Adults,5
Cond,252.654835411433,21.005479452054793,Adults,5
CongBeta,250.654839993382,21.005479452054793,Adults,5
CondBeta,252.654840047098,21.005479452054793,Adults,5
Vanilla,152.479897790022,19.183561643835617,Adults,6
EmoQ,190.699558013203,19.183561643835617,Adults,6
EmoBias,148.580628616105,19.183561643835617,Adults,6
EmoHier,156.479897790113,19.183561643835617,Adults,6
EmoAvg,187.044501027623,19.183561643835617,Adults,6
Cong,152.21430688529,19.183561643835617,Adults,6
Cond,154.187530034346,19.183561643835617,Adults,6
CongBeta,153.225176687286,19.183561643835617,Adults,6
CondBeta,155.184748101738,19.183561643835617,Adults,6
Vanilla,253.532985001581,18.117808219178084,Adults,7
EmoQ,250.673364788055,18.117808219178084,Adults,7
EmoBias,248.117251746992,18.117808219178084,Adults,7
EmoHier,252.493995732441,18.117808219178084,Adults,7
EmoAvg,252.570248649309,18.117808219178084,Adults,7
Cong,257.532985001581,18.117808219178084,Adults,7
Cond,255.946235993828,18.117808219178084,Adults,7
CongBeta,254.762281166934,18.117808219178084,Adults,7
CondBeta,255.893931836124,18.117808219178084,Adults,7
Vanilla,253.532985001581,19.03835616438356,Adults,8
EmoQ,182.339782493591,19.03835616438356,Adults,8
EmoBias,193.556269752546,19.03835616438356,Adults,8
EmoHier,195.556269770912,19.03835616438356,Adults,8
EmoAvg,193.377961909406,19.03835616438356,Adults,8
Cong,229.095872025269,19.03835616438356,Adults,8
Cond,183.145219505407,19.03835616438356,Adults,8
CongBeta,229.751051773857,19.03835616438356,Adults,8
CondBeta,182.949990820075,19.03835616438356,Adults,8
Vanilla,249.03404402738,18.471232876712328,Adults,9
EmoQ,242.550423238563,18.471232876712328,Adults,9
EmoBias,240.303272286052,18.471232876712328,Adults,9
EmoHier,246.529844313486,18.471232876712328,Adults,9
EmoAvg,244.12556962063,18.471232876712328,Adults,9
Cong,244.722909129806,18.471232876712328,Adults,9
Cond,246.722909097431,18.471232876712328,Adults,9
CongBeta,245.069485509507,18.471232876712328,Adults,9
CondBeta,247.069485510088,18.471232876712328,Adults,9
Vanilla,241.161275288436,20.361643835616437,Adults,10
EmoQ,228.468595119241,20.361643835616437,Adults,10
EmoBias,239.345867893642,20.361643835616437,Adults,10
EmoHier,229.540869643664,20.361643835616437,Adults,10
EmoAvg,239.895384512562,20.361643835616437,Adults,10
Cong,222.509241923452,20.361643835616437,Adults,10
Cond,207.570263070096,20.361643835616437,Adults,10
CongBeta,222.475704481988,20.361643835616437,Adults,10
CondBeta,208.18071666185,20.361643835616437,Adults,10
Vanilla,244.492644366178,20.676712328767124,Adults,11
EmoQ,234.193765200542,20.676712328767124,Adults,11
EmoBias,234.865186353378,20.676712328767124,Adults,11
EmoHier,248.554364205368,20.676712328767124,Adults,11
EmoAvg,231.980120565788,20.676712328767124,Adults,11
Cong,257.532985001581,20.676712328767124,Adults,11
Cond,259.532985001581,20.676712328767124,Adults,11
CongBeta,248.307186326855,20.676712328767124,Adults,11
CondBeta,245.021809702697,20.676712328767124,Adults,11
Vanilla,247.026447003298,14.942465753424658,Adolescents,12
EmoQ,232.241896662543,14.942465753424658,Adolescents,12
EmoBias,210.807884239415,14.942465753424658,Adolescents,12
EmoHier,239.032655543014,14.942465753424658,Adolescents,12
EmoAvg,247.75464999833,14.942465753424658,Adolescents,12
Cong,160.679605442441,14.942465753424658,Adolescents,12
Cond,162.04096162489,14.942465753424658,Adolescents,12
CongBeta,160.679614867618,14.942465753424658,Adolescents,12
CondBeta,161.90931091848,14.942465753424658,Adolescents,12
Vanilla,253.532985001581,20.65205479452055,Adults,13
EmoQ,253.532990001608,20.65205479452055,Adults,13
EmoBias,255.532990001584,20.65205479452055,Adults,13
EmoHier,256.039368175905,20.65205479452055,Adults,13
EmoAvg,255.532987001583,20.65205479452055,Adults,13
Cong,257.532985001581,20.65205479452055,Adults,13
Cond,255.331853148389,20.65205479452055,Adults,13
CongBeta,253.575459882607,20.65205479452055,Adults,13
CondBeta,255.384185951465,20.65205479452055,Adults,13
Vanilla,238.112838417328,13.69041095890411,Adolescents,16
EmoQ,209.867510096726,13.69041095890411,Adolescents,16
EmoBias,209.579036598507,13.69041095890411,Adolescents,16
EmoHier,222.570981694066,13.69041095890411,Adolescents,16
EmoAvg,204.719575277699,13.69041095890411,Adolescents,16
Cong,225.695383432848,13.69041095890411,Adolescents,16
Cond,224.104850111893,13.69041095890411,Adolescents,16
CongBeta,225.537940555866,13.69041095890411,Adolescents,16
CondBeta,223.94407006511,13.69041095890411,Adolescents,16
Vanilla,253.276054345437,19.813698630136987,Adults,14
EmoQ,253.532987001604,19.813698630136987,Adults,14
EmoBias,255.532986553927,19.813698630136987,Adults,14
EmoHier,255.860148140311,19.813698630136987,Adults,14
EmoAvg,255.532986001586,19.813698630136987,Adults,14
Cong,256.727808876866,19.813698630136987,Adults,14
Cond,259.532985001581,19.813698630136987,Adults,14
CongBeta,256.547367214831,19.813698630136987,Adults,14
CondBeta,258.405809020382,19.813698630136987,Adults,14
Vanilla,243.095774271082,13.336986301369864,Adolescents,15
EmoQ,237.38274117468,13.336986301369864,Adolescents,15
EmoBias,241.591820630466,13.336986301369864,Adolescents,15
EmoHier,220.3301201266,13.336986301369864,Adolescents,15
EmoAvg,220.228113932436,13.336986301369864,Adolescents,15
Cong,244.104793025774,13.336986301369864,Adolescents,15
Cond,241.732795396829,13.336986301369864,Adolescents,15
CongBeta,239.799204128618,13.336986301369864,Adolescents,15
CondBeta,237.9392933697,13.336986301369864,Adolescents,15
Vanilla,54.7232892839747,18.676712328767124,Adults,17
EmoQ,69.8368983729402,18.676712328767124,Adults,17
EmoBias,48.0946651832523,18.676712328767124,Adults,17
EmoHier,77.4693379673974,18.676712328767124,Adults,17
EmoAvg,82.829161773169,18.676712328767124,Adults,17
Cong,54.8899840293585,18.676712328767124,Adults,17
Cond,53.6482591218887,18.676712328767124,Adults,17
CongBeta,56.5065719968019,18.676712328767124,Adults,17
CondBeta,53.0812643888787,18.676712328767124,Adults,17
Vanilla,219.694024316108,18.273972602739725,Adults,18
EmoQ,226.838293400749,18.273972602739725,Adults,18
EmoBias,222.993877816931,18.273972602739725,Adults,18
EmoHier,217.510721998195,18.273972602739725,Adults,18
EmoAvg,221.471384433838,18.273972602739725,Adults,18
Cong,218.639396406248,18.273972602739725,Adults,18
Cond,218.958261544582,18.273972602739725,Adults,18
CongBeta,219.238071338378,18.273972602739725,Adults,18
CondBeta,220.295111759398,18.273972602739725,Adults,18
Vanilla,212.803620418229,19.027397260273972,Adults,19
EmoQ,216.837765663366,19.027397260273972,Adults,19
EmoBias,215.171555884725,19.027397260273972,Adults,19
EmoHier,214.236203217485,19.027397260273972,Adults,19
EmoAvg,217.689689871712,19.027397260273972,Adults,19
Cong,214.99062011379,19.027397260273972,Adults,19
Cond,213.294517037187,19.027397260273972,Adults,19
CongBeta,215.732369049906,19.027397260273972,Adults,19
CondBeta,211.23454167466,19.027397260273972,Adults,19
Vanilla,253.494380137385,14.178082191780822,Adolescents,20
EmoQ,251.621807112548,14.178082191780822,Adolescents,20
EmoBias,242.897342977492,14.178082191780822,Adolescents,20
EmoHier,255.068165709878,14.178082191780822,Adolescents,20
EmoAvg,247.061930644837,14.178082191780822,Adolescents,20
Cong,255.229375714589,14.178082191780822,Adolescents,20
Cond,259.532985001581,14.178082191780822,Adolescents,20
CongBeta,255.65571355616,14.178082191780822,Adolescents,20
CondBeta,257.581869505619,14.178082191780822,Adolescents,20
Vanilla,210.647200919323,19.731506849315068,Adults,21
EmoQ,226.042973189474,19.731506849315068,Adults,21
EmoBias,186.582563717493,19.731506849315068,Adults,21
EmoHier,206.217715227197,19.731506849315068,Adults,21
EmoAvg,201.612103520061,19.731506849315068,Adults,21
Cong,170.921012169766,19.731506849315068,Adults,21
Cond,172.720161818081,19.731506849315068,Adults,21
CongBeta,172.847437018311,19.731506849315068,Adults,21
CondBeta,174.845142787233,19.731506849315068,Adults,21
Vanilla,217.834522580573,19.75068493150685,Adults,22
EmoQ,216.109542701475,19.75068493150685,Adults,22
EmoBias,216.135547771952,19.75068493150685,Adults,22
EmoHier,221.513452865092,19.75068493150685,Adults,22
EmoAvg,219.858887626631,19.75068493150685,Adults,22
Cong,217.536442663204,19.75068493150685,Adults,22
Cond,214.470428695255,19.75068493150685,Adults,22
CongBeta,218.16712946998,19.75068493150685,Adults,22
CondBeta,215.949669298607,19.75068493150685,Adults,22
Vanilla,80.6102929942155,19.91780821917808,Adults,23
EmoQ,119.981642537095,19.91780821917808,Adults,23
EmoBias,99.0610960424587,19.91780821917808,Adults,23
EmoHier,80.0184022538586,19.91780821917808,Adults,23
EmoAvg,136.751020522711,19.91780821917808,Adults,23
Cong,80.7298853118373,19.91780821917808,Adults,23
Cond,82.1448534074504,19.91780821917808,Adults,23
CongBeta,81.502924589021,19.91780821917808,Adults,23
CondBeta,82.9073677767517,19.91780821917808,Adults,23
Vanilla,239.778620962711,14.3013698630137,Adolescents,24
EmoQ,234.141073574876,14.3013698630137,Adolescents,24
EmoBias,243.750838669277,14.3013698630137,Adolescents,24
EmoHier,245.594522528174,14.3013698630137,Adolescents,24
EmoAvg,242.254516539688,14.3013698630137,Adolescents,24
Cong,243.735078037204,14.3013698630137,Adolescents,24
Cond,245.706107824302,14.3013698630137,Adolescents,24
CongBeta,243.710151414315,14.3013698630137,Adolescents,24
CondBeta,245.686632177729,14.3013698630137,Adolescents,24
Vanilla,242.438511860286,13.082191780821915,Adolescents,25
EmoQ,240.852550129532,13.082191780821915,Adolescents,25
EmoBias,240.344454579392,13.082191780821915,Adolescents,25
EmoHier,239.724346180894,13.082191780821915,Adolescents,25
EmoAvg,240.24902398827,13.082191780821915,Adolescents,25
Cong,244.16598323842,13.082191780821915,Adolescents,25
Cond,246.090135955341,13.082191780821915,Adolescents,25
CongBeta,244.519287275233,13.082191780821915,Adolescents,25
CondBeta,246.348714418916,13.082191780821915,Adolescents,25
Vanilla,234.36703191552,14.013698630136986,Adolescents,26
EmoQ,235.302382582359,14.013698630136986,Adolescents,26
EmoBias,237.531964245832,14.013698630136986,Adolescents,26
EmoHier,235.56821120073,14.013698630136986,Adolescents,26
EmoAvg,223.779399220596,14.013698630136986,Adolescents,26
Cong,257.532985001581,14.013698630136986,Adolescents,26
Cond,216.123851325173,14.013698630136986,Adolescents,26
CongBeta,215.309386550706,14.013698630136986,Adolescents,26
CondBeta,215.931107378477,14.013698630136986,Adolescents,26
Vanilla,253.532985001581,12.227397260273971,Children,27
EmoQ,253.532997001603,12.227397260273971,Children,27
EmoBias,255.05492087156,12.227397260273971,Children,27
EmoHier,254.973750735633,12.227397260273971,Children,27
EmoAvg,255.525404611945,12.227397260273971,Children,27
Cong,257.532985001581,12.227397260273971,Children,27
Cond,259.532985001581,12.227397260273971,Children,27
CongBeta,253.490366808875,12.227397260273971,Children,27
CondBeta,255.485817729497,12.227397260273971,Children,27
Vanilla,224.329949588171,14.106849315068493,Adolescents,28
EmoQ,232.991733392393,14.106849315068493,Adolescents,28
EmoBias,228.367451315659,14.106849315068493,Adolescents,28
EmoHier,227.904590028849,14.106849315068493,Adolescents,28
EmoAvg,234.764700487655,14.106849315068493,Adolescents,28
Cong,219.090599134546,14.106849315068493,Adolescents,28
Cond,217.042769545339,14.106849315068493,Adolescents,28
CongBeta,219.402020553766,14.106849315068493,Adolescents,28
CondBeta,217.599217591647,14.106849315068493,Adolescents,28
Vanilla,253.532985001581,15.205479452054794,Adolescents,29
EmoQ,253.532987001603,15.205479452054794,Adolescents,29
EmoBias,254.613937678029,15.205479452054794,Adolescents,29
EmoHier,254.828319441769,15.205479452054794,Adolescents,29
EmoAvg,254.871550094867,15.205479452054794,Adolescents,29
Cong,254.251677171854,15.205479452054794,Adolescents,29
Cond,254.649504060786,15.205479452054794,Adolescents,29
CongBeta,254.15544698409,15.205479452054794,Adolescents,29
CondBeta,254.978942728362,15.205479452054794,Adolescents,29
Vanilla,253.532985001581,12.652054794520549,Children,30
EmoQ,253.532995001603,12.652054794520549,Children,30
EmoBias,255.532993001584,12.652054794520549,Children,30
EmoHier,257.532985001581,12.652054794520549,Children,30
EmoAvg,255.532986001584,12.652054794520549,Children,30
Cong,257.532985001581,12.652054794520549,Children,30
Cond,259.532985001581,12.652054794520549,Children,30
CongBeta,257.532985001581,12.652054794520549,Children,30
CondBeta,259.53247279241,12.652054794520549,Children,30
Vanilla,187.033752467213,14.41917808219178,Adolescents,31
EmoQ,205.098705377354,14.41917808219178,Adolescents,31
EmoBias,206.216901329519,14.41917808219178,Adolescents,31
EmoHier,191.68983956438,14.41917808219178,Adolescents,31
EmoAvg,186.985197463473,14.41917808219178,Adolescents,31
Cong,171.556633970802,14.41917808219178,Adolescents,31
Cond,171.38994464228,14.41917808219178,Adolescents,31
CongBeta,176.561781017911,14.41917808219178,Adolescents,31
CondBeta,176.574202508009,14.41917808219178,Adolescents,31
Vanilla,252.146690640461,13.868493150684932,Adolescents,32
EmoQ,241.850389584551,13.868493150684932,Adolescents,32
EmoBias,245.311997449427,13.868493150684932,Adolescents,32
EmoHier,238.201979112159,13.868493150684932,Adolescents,32
EmoAvg,241.944220693894,13.868493150684932,Adolescents,32
Cong,246.309137919134,13.868493150684932,Adolescents,32
Cond,244.031593374964,13.868493150684932,Adolescents,32
CongBeta,244.165326073888,13.868493150684932,Adolescents,32
CondBeta,244.809898472778,13.868493150684932,Adolescents,32
Vanilla,253.532985001581,11.178082191780822,Children,33
EmoQ,206.567160207489,11.178082191780822,Children,33
EmoBias,207.770925147246,11.178082191780822,Children,33
EmoHier,210.567160207493,11.178082191780822,Children,33
EmoAvg,208.419649589408,11.178082191780822,Children,33
Cong,223.177284205618,11.178082191780822,Children,33
Cond,225.177284205828,11.178082191780822,Children,33
CongBeta,223.177286346359,11.178082191780822,Children,33
CondBeta,225.177286345403,11.178082191780822,Children,33
Vanilla,253.532985001581,12.465753424657532,Children,34
EmoQ,244.728777412721,12.465753424657532,Children,34
EmoBias,247.428621086001,12.465753424657532,Children,34
EmoHier,247.773991110021,12.465753424657532,Children,34
EmoAvg,239.076967974686,12.465753424657532,Children,34
Cong,253.833597770742,12.465753424657532,Children,34
Cond,256.730411462627,12.465753424657532,Children,34
CongBeta,257.532985001581,12.465753424657532,Children,34
CondBeta,254.346585395566,12.465753424657532,Children,34
Vanilla,202.179442798629,8.704109589041096,Children,35
EmoQ,212.228907956004,8.704109589041096,Children,35
EmoBias,202.096047704498,8.704109589041096,Children,35
EmoHier,200.258446581262,8.704109589041096,Children,35
EmoAvg,205.718696811405,8.704109589041096,Children,35
Cong,202.660706357469,8.704109589041096,Children,35
Cond,199.256071407521,8.704109589041096,Children,35
CongBeta,204.658394917309,8.704109589041096,Children,35
CondBeta,204.962907783186,8.704109589041096,Children,35
Vanilla,253.532985001581,8.073972602739726,Children,36
EmoQ,253.09226264148,8.073972602739726,Children,36
EmoBias,255.219637022954,8.073972602739726,Children,36
EmoHier,256.439661919037,8.073972602739726,Children,36
EmoAvg,254.377191249032,8.073972602739726,Children,36
Cong,253.111616682763,8.073972602739726,Children,36
Cond,255.111616773859,8.073972602739726,Children,36
CongBeta,253.118452570947,8.073972602739726,Children,36
CondBeta,255.118452573152,8.073972602739726,Children,36
Vanilla,253.532985001581,8.942465753424658,Children,37
EmoQ,253.532989001609,8.942465753424658,Children,37
EmoBias,255.532985630641,8.942465753424658,Children,37
EmoHier,257.532985001581,8.942465753424658,Children,37
EmoAvg,255.313276509476,8.942465753424658,Children,37
Cong,257.532985001581,8.942465753424658,Children,37
Cond,259.532985001581,8.942465753424658,Children,37
CongBeta,256.610349057041,8.942465753424658,Children,37
CondBeta,258.230287496245,8.942465753424658,Children,37
Vanilla,253.532985001581,9.035616438356165,Children,38
EmoQ,253.532989001603,9.035616438356165,Children,38
EmoBias,254.059763259955,9.035616438356165,Children,38
EmoHier,255.818154249041,9.035616438356165,Children,38
EmoAvg,255.532985489428,9.035616438356165,Children,38
Cong,255.409265780605,9.035616438356165,Children,38
Cond,257.31778586701,9.035616438356165,Children,38
CongBeta,255.338900795173,9.035616438356165,Children,38
CondBeta,258.848014962059,9.035616438356165,Children,38
Vanilla,253.532985001581,9.465753424657532,Children,39
EmoQ,252.820934475643,9.465753424657532,Children,39
EmoBias,253.430515771892,9.465753424657532,Children,39
EmoHier,257.532977001604,9.465753424657532,Children,39
EmoAvg,254.820934475648,9.465753424657532,Children,39
Cong,257.532985001581,9.465753424657532,Children,39
Cond,259.532985001581,9.465753424657532,Children,39
CongBeta,253.549389617979,9.465753424657532,Children,39
CondBeta,255.549389617977,9.465753424657532,Children,39
Vanilla,243.716363344532,9.657534246575343,Children,40
EmoQ,244.286694650814,9.657534246575343,Children,40
EmoBias,239.764241441894,9.657534246575343,Children,40
EmoHier,243.224577699394,9.657534246575343,Children,40
EmoAvg,238.88793199907,9.657534246575343,Children,40
Cong,239.595552817542,9.657534246575343,Children,40
Cond,239.417186882087,9.657534246575343,Children,40
CongBeta,237.298307354561,9.657534246575343,Children,40
CondBeta,239.018560875166,9.657534246575343,Children,40
Vanilla,253.532985001581,8.67123287671233,Children,41
EmoQ,253.532991001603,8.67123287671233,Children,41
EmoBias,254.468893969247,8.67123287671233,Children,41
EmoHier,254.500926563023,8.67123287671233,Children,41
EmoAvg,247.631795820579,8.67123287671233,Children,41
Cong,253.458488567649,8.67123287671233,Children,41
Cond,255.423153214406,8.67123287671233,Children,41
CongBeta,254.363889256674,8.67123287671233,Children,41
CondBeta,256.363889250355,8.67123287671233,Children,41
Vanilla,250.255020415605,10.095890410958903,Children,42
EmoQ,161.429513828678,10.095890410958903,Children,42
EmoBias,134.678484686898,10.095890410958903,Children,42
EmoHier,159.658573701104,10.095890410958903,Children,42
EmoAvg,161.634598615689,10.095890410958903,Children,42
Cong,217.51503848559,10.095890410958903,Children,42
Cond,199.47378664636,10.095890410958903,Children,42
CongBeta,217.042991447898,10.095890410958903,Children,42
CondBeta,198.669130504454,10.095890410958903,Children,42
Vanilla,206.741659370657,9.915068493150685,Children,43
EmoQ,189.50928665997,9.915068493150685,Children,43
EmoBias,190.397460227854,9.915068493150685,Children,43
EmoHier,209.121811642762,9.915068493150685,Children,43
EmoAvg,188.845116181628,9.915068493150685,Children,43
Cong,210.384558038462,9.915068493150685,Children,43
Cond,209.286335751936,9.915068493150685,Children,43
CongBeta,210.62518862419,9.915068493150685,Children,43
CondBeta,209.533165574259,9.915068493150685,Children,43
Vanilla,178.459930115733,16.2986301369863,Adolescents,44
EmoQ,210.342276865556,16.2986301369863,Adolescents,44
EmoBias,196.504737202317,16.2986301369863,Adolescents,44
EmoHier,174.366365057957,16.2986301369863,Adolescents,44
EmoAvg,207.574346665585,16.2986301369863,Adolescents,44
Cong,172.859332959716,16.2986301369863,Adolescents,44
Cond,174.572019687133,16.2986301369863,Adolescents,44
CongBeta,173.394450469881,16.2986301369863,Adolescents,44
CondBeta,175.095969832315,16.2986301369863,Adolescents,44
Vanilla,249.490593874994,14.158904109589042,Adolescents,45
EmoQ,246.80770708431,14.158904109589042,Adolescents,45
EmoBias,248.393584577119,14.158904109589042,Adolescents,45
EmoHier,245.40883759434,14.158904109589042,Adolescents,45
EmoAvg,248.093710879713,14.158904109589042,Adolescents,45
Cong,257.532985001581,14.158904109589042,Adolescents,45
Cond,251.503918582303,14.158904109589042,Adolescents,45
CongBeta,250.73566233822,14.158904109589042,Adolescents,45
CondBeta,251.759312639973,14.158904109589042,Adolescents,45
Vanilla,251.890896737452,11.665753424657536,Children,46
EmoQ,252.408065187998,11.665753424657536,Children,46
EmoBias,253.201287789718,11.665753424657536,Children,46
EmoHier,252.02026008502,11.665753424657536,Children,46
EmoAvg,252.320821002772,11.665753424657536,Children,46
Cong,257.532985001581,11.665753424657536,Children,46
Cond,257.334661872267,11.665753424657536,Children,46
CongBeta,255.354077208215,11.665753424657536,Children,46
CondBeta,257.339032198773,11.665753424657536,Children,46
Vanilla,253.491665543528,15.326027397260274,Adolescents,47
EmoQ,250.776473316568,15.326027397260274,Adolescents,47
EmoBias,254.066747603103,15.326027397260274,Adolescents,47
EmoHier,256.273083991862,15.326027397260274,Adolescents,47
EmoAvg,254.438556019158,15.326027397260274,Adolescents,47
Cong,252.978626438867,15.326027397260274,Adolescents,47
Cond,254.171363176514,15.326027397260274,Adolescents,47
CongBeta,252.109158835638,15.326027397260274,Adolescents,47
CondBeta,253.972172466065,15.326027397260274,Adolescents,47
Vanilla,172.162067841125,9.865753424657534,Children,48
EmoQ,155.810451941073,9.865753424657534,Children,48
EmoBias,115.893393909828,9.865753424657534,Children,48
EmoHier,174.362670769697,9.865753424657534,Children,48
EmoAvg,115.393729418771,9.865753424657534,Children,48
Cong,142.226454641164,9.865753424657534,Children,48
Cond,147.230628740491,9.865753424657534,Children,48
CongBeta,142.589049329245,9.865753424657534,Children,48
CondBeta,144.172639855245,9.865753424657534,Children,48
Vanilla,252.450869477879,9.865753424657534,Children,49
EmoQ,247.938658620582,9.865753424657534,Children,49
EmoBias,248.962956163249,9.865753424657534,Children,49
EmoHier,249.80248127764,9.865753424657534,Children,49
EmoAvg,248.103602003316,9.865753424657534,Children,49
Cong,254.100140107991,9.865753424657534,Children,49
Cond,259.532985001581,9.865753424657534,Children,49
CongBeta,254.652457472016,9.865753424657534,Children,49
CondBeta,256.1472744083,9.865753424657534,Children,49
Vanilla,245.007402853856,15.227397260273971,Adolescents,50
EmoQ,177.702215602528,15.227397260273971,Adolescents,50
EmoBias,177.938456412138,15.227397260273971,Adolescents,50
EmoHier,198.063947871627,15.227397260273971,Adolescents,50
EmoAvg,176.595665724416,15.227397260273971,Adolescents,50
Cong,195.477754213738,15.227397260273971,Adolescents,50
Cond,191.061013801079,15.227397260273971,Adolescents,50
CongBeta,196.790540222264,15.227397260273971,Adolescents,50
CondBeta,191.855837749486,15.227397260273971,Adolescents,50
Vanilla,253.532985001581,8.04109589041096,Children,51
EmoQ,253.532989001603,8.04109589041096,Children,51
EmoBias,255.532985001584,8.04109589041096,Children,51
EmoHier,255.216041695226,8.04109589041096,Children,51
EmoAvg,254.04064107302,8.04109589041096,Children,51
Cong,257.532985001581,8.04109589041096,Children,51
Cond,259.418910029058,8.04109589041096,Children,51
CongBeta,257.418926709908,8.04109589041096,Children,51
CondBeta,259.452152252449,8.04109589041096,Children,51
Vanilla,203.688363457185,15.03013698630137,Adolescents,52
EmoQ,245.638409739468,15.03013698630137,Adolescents,52
EmoBias,203.917360173456,15.03013698630137,Adolescents,52
EmoHier,202.80308951438,15.03013698630137,Adolescents,52
EmoAvg,223.936626765266,15.03013698630137,Adolescents,52
Cong,167.203609107494,15.03013698630137,Adolescents,52
Cond,165.939964850003,15.03013698630137,Adolescents,52
CongBeta,168.304709119451,15.03013698630137,Adolescents,52
CondBeta,168.849848091768,15.03013698630137,Adolescents,52
Vanilla,58.4305302075343,22.775342465753425,Adults,53
EmoQ,63.9939034443308,22.775342465753425,Adults,53
EmoBias,72.029732714087,22.775342465753425,Adults,53
EmoHier,59.8802464704321,22.775342465753425,Adults,53
EmoAvg,48.2396963897903,22.775342465753425,Adults,53
Cong,61.6856069012703,22.775342465753425,Adults,53
Cond,61.2078271946931,22.775342465753425,Adults,53
CongBeta,58.9658526149041,22.775342465753425,Adults,53
CondBeta,60.9057969699174,22.775342465753425,Adults,53
Vanilla,209.721038992804,21.567123287671233,Adults,54
EmoQ,211.162007060734,21.567123287671233,Adults,54
EmoBias,210.451900209445,21.567123287671233,Adults,54
EmoHier,211.141398495568,21.567123287671233,Adults,54
EmoAvg,216.472558938353,21.567123287671233,Adults,54
Cong,198.202673560111,21.567123287671233,Adults,54
Cond,200.202673561645,21.567123287671233,Adults,54
CongBeta,207.020022259911,21.567123287671233,Adults,54
CondBeta,207.725810377721,21.567123287671233,Adults,54
Vanilla,210.455845040913,21.39452054794521,Adults,55
EmoQ,209.590497191237,21.39452054794521,Adults,55
EmoBias,210.471573125453,21.39452054794521,Adults,55
EmoHier,210.38346202206,21.39452054794521,Adults,55
EmoAvg,203.66770478992,21.39452054794521,Adults,55
Cong,204.194572964521,21.39452054794521,Adults,55
Cond,179.868296407522,21.39452054794521,Adults,55
CongBeta,205.334440123618,21.39452054794521,Adults,55
CondBeta,182.961813599992,21.39452054794521,Adults,55
Vanilla,234.719071120179,21.35890410958904,Adults,56
EmoQ,234.951280231411,21.35890410958904,Adults,56
EmoBias,234.620737055657,21.35890410958904,Adults,56
EmoHier,237.0023427625,21.35890410958904,Adults,56
EmoAvg,233.563930543476,21.35890410958904,Adults,56
Cong,238.153776892722,21.35890410958904,Adults,56
Cond,239.367345063739,21.35890410958904,Adults,56
CongBeta,238.118341430627,21.35890410958904,Adults,56
CondBeta,239.560208361167,21.35890410958904,Adults,56
Vanilla,253.532985001581,21.578082191780823,Adults,57
EmoQ,251.340731215878,21.578082191780823,Adults,57
EmoBias,252.399534343846,21.578082191780823,Adults,57
EmoHier,253.342241558422,21.578082191780823,Adults,57
EmoAvg,249.667914707703,21.578082191780823,Adults,57
Cong,248.582485946592,21.578082191780823,Adults,57
Cond,250.782027111344,21.578082191780823,Adults,57
CongBeta,248.212833961097,21.578082191780823,Adults,57
CondBeta,249.803443660262,21.578082191780823,Adults,57
Vanilla,55.1264483189051,21.13972602739726,Adults,58
EmoQ,188.131193226356,21.13972602739726,Adults,58
EmoBias,67.971416805857,21.13972602739726,Adults,58
EmoHier,58.7676528589636,21.13972602739726,Adults,58
EmoAvg,135.895501373403,21.13972602739726,Adults,58
Cong,56.9898346545293,21.13972602739726,Adults,58
Cond,58.8062309349933,21.13972602739726,Adults,58
CongBeta,57.8112671608445,21.13972602739726,Adults,58
CondBeta,57.9105636970988,21.13972602739726,Adults,58
Vanilla,252.521124259024,21.16164383561644,Adults,59
EmoQ,247.270445546342,21.16164383561644,Adults,59
EmoBias,248.525553010275,21.16164383561644,Adults,59
EmoHier,251.351758591587,21.16164383561644,Adults,59
EmoAvg,243.637647407606,21.16164383561644,Adults,59
Cong,253.340529985937,21.16164383561644,Adults,59
Cond,255.279260913632,21.16164383561644,Adults,59
CongBeta,254.089009825464,21.16164383561644,Adults,59
CondBeta,253.203455092565,21.16164383561644,Adults,59
Vanilla,140.35477073449,21.432876712328767,Adults,60
EmoQ,195.091396484583,21.432876712328767,Adults,60
EmoBias,151.570706701097,21.432876712328767,Adults,60
EmoHier,146.790372958484,21.432876712328767,Adults,60
EmoAvg,176.747258306523,21.432876712328767,Adults,60
Cong,142.740152558754,21.432876712328767,Adults,60
Cond,140.72064112396,21.432876712328767,Adults,60
CongBeta,142.95060082583,21.432876712328767,Adults,60
CondBeta,142.348993887935,21.432876712328767,Adults,60
Vanilla,246.397056253832,21.15068493150685,Adults,61
EmoQ,230.082341079532,21.15068493150685,Adults,61
EmoBias,231.39781258121,21.15068493150685,Adults,61
EmoHier,237.850845888376,21.15068493150685,Adults,61
EmoAvg,233.004663724784,21.15068493150685,Adults,61
Cong,246.21628936657,21.15068493150685,Adults,61
Cond,243.809414416164,21.15068493150685,Adults,61
CongBeta,246.914250661563,21.15068493150685,Adults,61
CondBeta,243.625891260102,21.15068493150685,Adults,61
Vanilla,108.010020475785,21.356164383561644,Adults,62
EmoQ,132.529564146112,21.356164383561644,Adults,62
EmoBias,117.783971960421,21.356164383561644,Adults,62
EmoHier,111.307257612813,21.356164383561644,Adults,62
EmoAvg,138.637030159284,21.356164383561644,Adults,62
Cong,84.7847845940191,21.356164383561644,Adults,62
Cond,85.3671984139195,21.356164383561644,Adults,62
CongBeta,84.2409236250383,21.356164383561644,Adults,62
CondBeta,85.2835356325142,21.356164383561644,Adults,62
Vanilla,232.011296301514,22.2986301369863,Adults,63
EmoQ,187.368438050654,22.2986301369863,Adults,63
EmoBias,193.806632102649,22.2986301369863,Adults,63
EmoHier,209.696259728691,22.2986301369863,Adults,63
EmoAvg,187.747473636003,22.2986301369863,Adults,63
Cong,200.075172972881,22.2986301369863,Adults,63
Cond,200.147124590818,22.2986301369863,Adults,63
CongBeta,201.70680740494,22.2986301369863,Adults,63
CondBeta,201.535790481451,22.2986301369863,Adults,63
Vanilla,253.532985001581,9.476712328767125,Children,64
EmoQ,253.532989001603,9.476712328767125,Children,64
EmoBias,255.532985979469,9.476712328767125,Children,64
EmoHier,250.802531820989,9.476712328767125,Children,64
EmoAvg,252.16292877829,9.476712328767125,Children,64
Cong,257.532985001581,9.476712328767125,Children,64
Cond,259.120431851511,9.476712328767125,Children,64
CongBeta,257.532985001581,9.476712328767125,Children,64
CondBeta,259.532985001581,9.476712328767125,Children,64
Vanilla,253.532985001581,12.843835616438357,Children,65
EmoQ,247.071429838271,12.843835616438357,Children,65
EmoBias,248.760084277302,12.843835616438357,Children,65
EmoHier,245.378386933471,12.843835616438357,Children,65
EmoAvg,248.332518089824,12.843835616438357,Children,65
Cong,252.299245837057,12.843835616438357,Children,65
Cond,253.097898994086,12.843835616438357,Children,65
CongBeta,250.31983673555,12.843835616438357,Children,65
CondBeta,249.684237431675,12.843835616438357,Children,65
Vanilla,186.82427834146,12.263013698630138,Children,66
EmoQ,191.246936963973,12.263013698630138,Children,66
EmoBias,189.524743038689,12.263013698630138,Children,66
EmoHier,193.442563084806,12.263013698630138,Children,66
EmoAvg,192.229269327704,12.263013698630138,Children,66
Cong,187.243295378093,12.263013698630138,Children,66
Cond,186.964745738097,12.263013698630138,Children,66
CongBeta,189.470041960665,12.263013698630138,Children,66
CondBeta,191.327791815627,12.263013698630138,Children,66
Vanilla,253.223028782614,15.846575342465751,Adolescents,67
EmoQ,250.725488186932,15.846575342465751,Adolescents,67
EmoBias,252.399158711058,15.846575342465751,Adolescents,67
EmoHier,252.961603411438,15.846575342465751,Adolescents,67
EmoAvg,250.529787084879,15.846575342465751,Adolescents,67
Cong,255.325786575961,15.846575342465751,Adolescents,67
Cond,259.532985001581,15.846575342465751,Adolescents,67
CongBeta,255.325786526079,15.846575342465751,Adolescents,67
CondBeta,254.885616036577,15.846575342465751,Adolescents,67
Vanilla,223.735031860401,15.027397260273972,Adolescents,68
EmoQ,224.879493523309,15.027397260273972,Adolescents,68
EmoBias,225.502537646562,15.027397260273972,Adolescents,68
EmoHier,230.798922612907,15.027397260273972,Adolescents,68
EmoAvg,223.347786722511,15.027397260273972,Adolescents,68
Cong,222.568790596037,15.027397260273972,Adolescents,68
Cond,220.333129971673,15.027397260273972,Adolescents,68
CongBeta,224.949414194857,15.027397260273972,Adolescents,68
CondBeta,226.285891357554,15.027397260273972,Adolescents,68
Vanilla,251.567401311453,9.213698630136989,Children,69
EmoQ,252.165530794836,9.213698630136989,Children,69
EmoBias,253.903799175833,9.213698630136989,Children,69
EmoHier,243.553998669732,9.213698630136989,Children,69
EmoAvg,253.829969920306,9.213698630136989,Children,69
Cong,251.820004839794,9.213698630136989,Children,69
Cond,251.583874956991,9.213698630136989,Children,69
CongBeta,251.916476662167,9.213698630136989,Children,69
CondBeta,253.582129929318,9.213698630136989,Children,69
Vanilla,82.8918143691289,14.994520547945204,Adolescents,70
EmoQ,102.349038209765,14.994520547945204,Adolescents,70
EmoBias,74.9630894529261,14.994520547945204,Adolescents,70
EmoHier,87.5362832181073,14.994520547945204,Adolescents,70
EmoAvg,111.509422590347,14.994520547945204,Adolescents,70
Cong,81.6571844142996,14.994520547945204,Adolescents,70
Cond,74.9991732045897,14.994520547945204,Adolescents,70
CongBeta,82.4989072392747,14.994520547945204,Adolescents,70
CondBeta,79.9899408713125,14.994520547945204,Adolescents,70
Vanilla,118.670177342273,22.76164383561644,Adults,71
EmoQ,160.215483966827,22.76164383561644,Adults,71
EmoBias,113.074019454049,22.76164383561644,Adults,71
EmoHier,120.861481093843,22.76164383561644,Adults,71
EmoAvg,158.292039604578,22.76164383561644,Adults,71
Cong,122.406283413737,22.76164383561644,Adults,71
Cond,118.600072745042,22.76164383561644,Adults,71
CongBeta,117.347692039913,22.76164383561644,Adults,71
CondBeta,118.280499259098,22.76164383561644,Adults,71
Vanilla,135.391771297593,22.45205479452055,Adults,72
EmoQ,165.506484057719,22.45205479452055,Adults,72
EmoBias,157.808887191753,22.45205479452055,Adults,72
EmoHier,139.391771297649,22.45205479452055,Adults,72
EmoAvg,175.642501259234,22.45205479452055,Adults,72
Cong,124.162954960625,22.45205479452055,Adults,72
Cond,125.864753723286,22.45205479452055,Adults,72
CongBeta,126.233295316624,22.45205479452055,Adults,72
CondBeta,127.907181866765,22.45205479452055,Adults,72
Vanilla,252.483750181281,12.26027397260274,Children,73
EmoQ,253.532997001603,12.26027397260274,Children,73
EmoBias,254.682447903015,12.26027397260274,Children,73
EmoHier,256.042301060716,12.26027397260274,Children,73
EmoAvg,255.532986001584,12.26027397260274,Children,73
Cong,257.532985001581,12.26027397260274,Children,73
Cond,259.532985001581,12.26027397260274,Children,73
CongBeta,255.586955699394,12.26027397260274,Children,73
CondBeta,257.552697779402,12.26027397260274,Children,73
Vanilla,200.289476881994,10.41917808219178,Children,74
EmoQ,181.754400431158,10.41917808219178,Children,74
EmoBias,199.116318077494,10.41917808219178,Children,74
EmoHier,199.951652616082,10.41917808219178,Children,74
EmoAvg,191.654993052835,10.41917808219178,Children,74
Cong,204.196669443564,10.41917808219178,Children,74
Cond,203.125782472575,10.41917808219178,Children,74
CongBeta,201.733316671086,10.41917808219178,Children,74
CondBeta,202.529182372884,10.41917808219178,Children,74
Vanilla,248.485615707228,11.58904109589041,Children,75
EmoQ,247.955983804795,11.58904109589041,Children,75
EmoBias,249.973503486093,11.58904109589041,Children,75
EmoHier,252.485615706931,11.58904109589041,Children,75
EmoAvg,251.221890319224,11.58904109589041,Children,75
Cong,249.149088586827,11.58904109589041,Children,75
Cond,252.829977270724,11.58904109589041,Children,75
CongBeta,249.148149249421,11.58904109589041,Children,75
CondBeta,250.497529058559,11.58904109589041,Children,75
Vanilla,155.168932073221,22.589041095890412,Adults,76
EmoQ,190.119752353443,22.589041095890412,Adults,76
EmoBias,154.942060981388,22.589041095890412,Adults,76
EmoHier,154.747503656709,22.589041095890412,Adults,76
EmoAvg,180.174565272093,22.589041095890412,Adults,76
Cong,146.021639154072,22.589041095890412,Adults,76
Cond,141.321992146996,22.589041095890412,Adults,76
CongBeta,149.977183895971,22.589041095890412,Adults,76
CondBeta,141.915149166523,22.589041095890412,Adults,76
Vanilla,80.738617817028,22.802739726027397,Adults,77
EmoQ,127.765837628944,22.802739726027397,Adults,77
EmoBias,84.8497134344494,22.802739726027397,Adults,77
EmoHier,108.242760288835,22.802739726027397,Adults,77
EmoAvg,132.731270746096,22.802739726027397,Adults,77
Cong,75.7607467376756,22.802739726027397,Adults,77
Cond,76.6533488710943,22.802739726027397,Adults,77
CongBeta,67.768975545148,22.802739726027397,Adults,77
CondBeta,68.1253568551534,22.802739726027397,Adults,77
Vanilla,207.055753962629,15.73972602739726,Adolescents,78
EmoQ,215.225219794675,15.73972602739726,Adolescents,78
EmoBias,213.164886643998,15.73972602739726,Adolescents,78
EmoHier,205.401108311632,15.73972602739726,Adolescents,78
EmoAvg,218.915648335312,15.73972602739726,Adolescents,78
Cong,209.131138266133,15.73972602739726,Adolescents,78
Cond,199.332312085864,15.73972602739726,Adolescents,78
CongBeta,208.421976386027,15.73972602739726,Adolescents,78
CondBeta,199.82223209795,15.73972602739726,Adolescents,78
Vanilla,253.532985001581,13.87945205479452,Adolescents,79
EmoQ,253.355148649846,13.87945205479452,Adolescents,79
EmoBias,255.342019775542,13.87945205479452,Adolescents,79
EmoHier,257.532980001582,13.87945205479452,Adolescents,79
EmoAvg,255.355148649846,13.87945205479452,Adolescents,79
Cong,254.101504492034,13.87945205479452,Adolescents,79
Cond,259.532985001581,13.87945205479452,Adolescents,79
CongBeta,254.10101221168,13.87945205479452,Adolescents,79
CondBeta,256.101012235063,13.87945205479452,Adolescents,79
Vanilla,234.20790992933,22.027397260273972,Adults,80
EmoQ,232.678411954165,22.027397260273972,Adults,80
EmoBias,236.207909930348,22.027397260273972,Adults,80
EmoHier,238.207910020246,22.027397260273972,Adults,80
EmoAvg,237.954265510087,22.027397260273972,Adults,80
Cong,235.445371484982,22.027397260273972,Adults,80
Cond,234.482921493908,22.027397260273972,Adults,80
CongBeta,237.306892081457,22.027397260273972,Adults,80
CondBeta,237.145913236742,22.027397260273972,Adults,80
Vanilla,124.118138359299,22.775342465753425,Adults,81
EmoQ,204.542460472423,22.775342465753425,Adults,81
EmoBias,151.283087452365,22.775342465753425,Adults,81
EmoHier,123.403611586003,22.775342465753425,Adults,81
EmoAvg,156.044918347262,22.775342465753425,Adults,81
Cong,123.402572699953,22.775342465753425,Adults,81
Cond,115.625895859817,22.775342465753425,Adults,81
CongBeta,124.940579278388,22.775342465753425,Adults,81
CondBeta,115.47220162084,22.775342465753425,Adults,81
Vanilla,248.532123936902,15.413698630136986,Adolescents,82
EmoQ,240.325987058989,15.413698630136986,Adolescents,82
EmoBias,242.351404793943,15.413698630136986,Adolescents,82
EmoHier,240.175181126485,15.413698630136986,Adolescents,82
EmoAvg,239.33005008065,15.413698630136986,Adolescents,82
Cong,247.936454916261,15.413698630136986,Adolescents,82
Cond,249.01492726315,15.413698630136986,Adolescents,82
CongBeta,247.174450473265,15.413698630136986,Adolescents,82
CondBeta,247.263551669924,15.413698630136986,Adolescents,82
Vanilla,180.710880542369,16.794520547945204,Adolescents,83
EmoQ,187.764318665924,16.794520547945204,Adolescents,83
EmoBias,181.627765545127,16.794520547945204,Adolescents,83
EmoHier,184.710880613953,16.794520547945204,Adolescents,83
EmoAvg,185.075493071922,16.794520547945204,Adolescents,83
Cong,176.47175005471,16.794520547945204,Adolescents,83
Cond,177.093595577833,16.794520547945204,Adolescents,83
CongBeta,176.959220928522,16.794520547945204,Adolescents,83
CondBeta,177.939688438127,16.794520547945204,Adolescents,83
Vanilla,251.218441676209,15.123287671232877,Adolescents,84
EmoQ,212.61069852591,15.123287671232877,Adolescents,84
EmoBias,206.90009926462,15.123287671232877,Adolescents,84
EmoHier,210.491644805975,15.123287671232877,Adolescents,84
EmoAvg,211.737796045122,15.123287671232877,Adolescents,84
Cong,257.532985001581,15.123287671232877,Adolescents,84
Cond,255.592188123725,15.123287671232877,Adolescents,84
CongBeta,235.031089174812,15.123287671232877,Adolescents,84
CondBeta,234.374502936362,15.123287671232877,Adolescents,84
Vanilla,253.05634894556,17.068493150684933,Adolescents,85
EmoQ,252.715855114763,17.068493150684933,Adolescents,85
EmoBias,254.528643785856,17.068493150684933,Adolescents,85
EmoHier,254.109206377594,17.068493150684933,Adolescents,85
EmoAvg,251.793082191061,17.068493150684933,Adolescents,85
Cong,256.060654199594,17.068493150684933,Adolescents,85
Cond,258.060653731673,17.068493150684933,Adolescents,85
CongBeta,256.070301304655,17.068493150684933,Adolescents,85
CondBeta,258.169833847037,17.068493150684933,Adolescents,85
Vanilla,170.5737976782,15.75890410958904,Adolescents,86
EmoQ,181.318778597914,15.75890410958904,Adolescents,86
EmoBias,178.693383338623,15.75890410958904,Adolescents,86
EmoHier,170.932490368636,15.75890410958904,Adolescents,86
EmoAvg,184.93556395505,15.75890410958904,Adolescents,86
Cong,169.29457327249,15.75890410958904,Adolescents,86
Cond,169.149862408086,15.75890410958904,Adolescents,86
CongBeta,169.614129819942,15.75890410958904,Adolescents,86
CondBeta,171.594364661878,15.75890410958904,Adolescents,86
Vanilla,193.18200081732,15.756164383561645,Adolescents,87
EmoQ,206.288999962531,15.756164383561645,Adolescents,87
EmoBias,200.63291188744,15.756164383561645,Adolescents,87
EmoHier,201.423905382045,15.756164383561645,Adolescents,87
EmoAvg,209.821670205653,15.756164383561645,Adolescents,87
Cong,195.32145955403,15.756164383561645,Adolescents,87
Cond,192.681567897426,15.756164383561645,Adolescents,87
CongBeta,194.212457874359,15.756164383561645,Adolescents,87
CondBeta,196.159364956001,15.756164383561645,Adolescents,87
Vanilla,114.887636226255,16.695890410958903,Adolescents,88
EmoQ,170.329757884117,16.695890410958903,Adolescents,88
EmoBias,136.048756591632,16.695890410958903,Adolescents,88
EmoHier,118.887636447356,16.695890410958903,Adolescents,88
EmoAvg,162.856475712449,16.695890410958903,Adolescents,88
Cong,106.393465039164,16.695890410958903,Adolescents,88
Cond,107.283755989486,16.695890410958903,Adolescents,88
CongBeta,109.807490460848,16.695890410958903,Adolescents,88
CondBeta,110.140484263466,16.695890410958903,Adolescents,88
Vanilla,152.223347312684,16.654794520547945,Adolescents,89
EmoQ,171.419420908913,16.654794520547945,Adolescents,89
EmoBias,154.265109918335,16.654794520547945,Adolescents,89
EmoHier,156.246933601201,16.654794520547945,Adolescents,89
EmoAvg,154.347165635063,16.654794520547945,Adolescents,89
Cong,155.46943971737,16.654794520547945,Adolescents,89
Cond,156.757704860706,16.654794520547945,Adolescents,89
CongBeta,155.431095398423,16.654794520547945,Adolescents,89
CondBeta,156.90236365354,16.654794520547945,Adolescents,89
Vanilla,253.532985001581,11.575342465753424,Children,90
EmoQ,243.731893609662,11.575342465753424,Children,90
EmoBias,229.311262015972,11.575342465753424,Children,90
EmoHier,227.15322577323,11.575342465753424,Children,90
EmoAvg,240.697732159556,11.575342465753424,Children,90
Cong,215.548835816556,11.575342465753424,Children,90
Cond,201.29899658247,11.575342465753424,Children,90
CongBeta,222.227495612731,11.575342465753424,Children,90
CondBeta,198.610962800814,11.575342465753424,Children,90
Vanilla,238.446683559051,13.164383561643836,Adolescents,91
EmoQ,236.743145513266,13.164383561643836,Adolescents,91
EmoBias,237.905290867674,13.164383561643836,Adolescents,91
EmoHier,233.938993785552,13.164383561643836,Adolescents,91
EmoAvg,239.540026669099,13.164383561643836,Adolescents,91
Cong,235.752583134143,13.164383561643836,Adolescents,91
Cond,216.975686585378,13.164383561643836,Adolescents,91
CongBeta,233.59086302635,13.164383561643836,Adolescents,91
CondBeta,217.772572015946,13.164383561643836,Adolescents,91
Vanilla,129.597109817107,17.068493150684933,Adolescents,92
EmoQ,186.851000557318,17.068493150684933,Adolescents,92
EmoBias,169.663214218316,17.068493150684933,Adolescents,92
EmoHier,134.839496793789,17.068493150684933,Adolescents,92
EmoAvg,159.540983782993,17.068493150684933,Adolescents,92
Cong,125.611344832142,17.068493150684933,Adolescents,92
Cond,126.503613871941,17.068493150684933,Adolescents,92
CongBeta,127.183207543949,17.068493150684933,Adolescents,92
CondBeta,126.522543423912,17.068493150684933,Adolescents,92
Vanilla,65.257982407605,16.578082191780823,Adolescents,93
EmoQ,103.190237971104,16.578082191780823,Adolescents,93
EmoBias,63.3924824427139,16.578082191780823,Adolescents,93
EmoHier,65.8635889074093,16.578082191780823,Adolescents,93
EmoAvg,125.078703319317,16.578082191780823,Adolescents,93
Cong,68.9898980686522,16.578082191780823,Adolescents,93
Cond,61.5439406468971,16.578082191780823,Adolescents,93
CongBeta,68.7147779878291,16.578082191780823,Adolescents,93
CondBeta,69.3422230474652,16.578082191780823,Adolescents,93
Vanilla,46.974049642191,14.076712328767124,Adolescents,94
EmoQ,184.764541728462,14.076712328767124,Adolescents,94
EmoBias,45.1036310946918,14.076712328767124,Adolescents,94
EmoHier,71.0777243901725,14.076712328767124,Adolescents,94
EmoAvg,156.862286599164,14.076712328767124,Adolescents,94
Cong,48.3219820878194,14.076712328767124,Adolescents,94
Cond,49.2602040250796,14.076712328767124,Adolescents,94
CongBeta,45.5719641351779,14.076712328767124,Adolescents,94
CondBeta,47.5719641350466,14.076712328767124,Adolescents,94
Vanilla,221.428722216827,8.07945205479452,Children,95
EmoQ,221.420765763112,8.07945205479452,Children,95
EmoBias,217.419620812318,8.07945205479452,Children,95
EmoHier,213.032939726292,8.07945205479452,Children,95
EmoAvg,192.380806279554,8.07945205479452,Children,95
Cong,175.95593399423,8.07945205479452,Children,95
Cond,177.341205815794,8.07945205479452,Children,95
CongBeta,176.911588785263,8.07945205479452,Children,95
CondBeta,178.578814146483,8.07945205479452,Children,95
Vanilla,142.940850518768,20.48493150684931,Adults,96
EmoQ,173.011099306357,20.48493150684931,Adults,96
EmoBias,158.96911485922,20.48493150684931,Adults,96
EmoHier,143.445774167305,20.48493150684931,Adults,96
EmoAvg,170.171390795637,20.48493150684931,Adults,96
Cong,144.675219884753,20.48493150684931,Adults,96
Cond,146.516294309433,20.48493150684931,Adults,96
CongBeta,144.655266819007,20.48493150684931,Adults,96
CondBeta,146.373640173124,20.48493150684931,Adults,96
Vanilla,148.491691969993,11.484931506849316,Children,97
EmoQ,198.012269955334,11.484931506849316,Children,97
EmoBias,174.186387947048,11.484931506849316,Children,97
EmoHier,148.218091112574,11.484931506849316,Children,97
EmoAvg,195.854891090343,11.484931506849316,Children,97
Cong,150.698619630981,11.484931506849316,Children,97
Cond,152.698281229619,11.484931506849316,Children,97
CongBeta,150.680640835288,11.484931506849316,Children,97
CondBeta,152.680064646289,11.484931506849316,Children,97
Vanilla,253.532985001581,10.73972602739726,Children,98
EmoQ,251.928210224245,10.73972602739726,Children,98
EmoBias,252.869083071936,10.73972602739726,Children,98
EmoHier,255.928210231604,10.73972602739726,Children,98
EmoAvg,253.707169789612,10.73972602739726,Children,98
Cong,257.532985001581,10.73972602739726,Children,98
Cond,256.471212413901,10.73972602739726,Children,98
CongBeta,254.954041514879,10.73972602739726,Children,98
CondBeta,256.732834018881,10.73972602739726,Children,98
Vanilla,253.532985001581,20.687671232876713,Adults,99
EmoQ,253.533015001603,20.687671232876713,Adults,99
EmoBias,249.782759744319,20.687671232876713,Adults,99
EmoHier,252.787028723955,20.687671232876713,Adults,99
EmoAvg,255.532985989848,20.687671232876713,Adults,99
Cong,229.584495575949,20.687671232876713,Adults,99
Cond,228.150087042964,20.687671232876713,Adults,99
CongBeta,229.737190437094,20.687671232876713,Adults,99
CondBeta,228.297098356526,20.687671232876713,Adults,99
Vanilla,130.123864903793,20.312328767123287,Adults,100
EmoQ,172.749700735328,20.312328767123287,Adults,100
EmoBias,127.765135822517,20.312328767123287,Adults,100
EmoHier,132.902446706032,20.312328767123287,Adults,100
EmoAvg,145.526092945241,20.312328767123287,Adults,100
Cong,129.327223266671,20.312328767123287,Adults,100
Cond,131.247682362734,20.312328767123287,Adults,100
CongBeta,128.49508057241,20.312328767123287,Adults,100
CondBeta,130.231563971938,20.312328767123287,Adults,100
Vanilla,248.996647107617,10.38082191780822,Children,101
EmoQ,187.794043945406,10.38082191780822,Children,101
EmoBias,184.986283894479,10.38082191780822,Children,101
EmoHier,196.101172488793,10.38082191780822,Children,101
EmoAvg,189.867653083743,10.38082191780822,Children,101
Cong,235.311388399472,10.38082191780822,Children,101
Cond,237.22293518517,10.38082191780822,Children,101
CongBeta,231.220073154265,10.38082191780822,Children,101
CondBeta,232.879094944277,10.38082191780822,Children,101
Vanilla,252.409103208255,17.22739726027397,Adolescents,102
EmoQ,253.532989001603,17.22739726027397,Adolescents,102
EmoBias,253.221503173082,17.22739726027397,Adolescents,102
EmoHier,254.381211739208,17.22739726027397,Adolescents,102
EmoAvg,253.045703142432,17.22739726027397,Adolescents,102
Cong,253.297255643177,17.22739726027397,Adolescents,102
Cond,255.082000692655,17.22739726027397,Adolescents,102
CongBeta,253.940576445211,17.22739726027397,Adolescents,102
CondBeta,254.484735071282,17.22739726027397,Adolescents,102
Vanilla,213.099116950712,10.145205479452056,Children,103
EmoQ,228.677058472447,10.145205479452056,Children,103
EmoBias,222.449482940796,10.145205479452056,Children,103
EmoHier,228.818334154167,10.145205479452056,Children,103
EmoAvg,227.204693856115,10.145205479452056,Children,103
Cong,222.458326293189,10.145205479452056,Children,103
Cond,224.368930450282,10.145205479452056,Children,103
CongBeta,216.582354976957,10.145205479452056,Children,103
CondBeta,218.57923076195,10.145205479452056,Children,103
Vanilla,221.485315150313,10.084931506849315,Children,104
EmoQ,140.152672252045,10.084931506849315,Children,104
EmoBias,151.999795766651,10.084931506849315,Children,104
EmoHier,204.677605904703,10.084931506849315,Children,104
EmoAvg,146.59573910965,10.084931506849315,Children,104
Cong,187.015263887999,10.084931506849315,Children,104
Cond,168.350454522282,10.084931506849315,Children,104
CongBeta,187.570131790907,10.084931506849315,Children,104
CondBeta,169.259448435676,10.084931506849315,Children,104
Vanilla,132.990844049539,17.23835616438356,Adolescents,105
EmoQ,168.835901835564,17.23835616438356,Adolescents,105
EmoBias,143.08691173398,17.23835616438356,Adolescents,105
EmoHier,136.99084405735599,17.23835616438356,Adolescents,105
EmoAvg,147.812718898463,17.23835616438356,Adolescents,105
Cong,134.118514680455,17.23835616438356,Adolescents,105
Cond,118.645529973298,17.23835616438356,Adolescents,105
CongBeta,134.835259331471,17.23835616438356,Adolescents,105
CondBeta,121.416922950216,17.23835616438356,Adolescents,105
Vanilla,225.59801343757,12.115068493150686,Children,106
EmoQ,225.861679520212,12.115068493150686,Children,106
EmoBias,218.742303425034,12.115068493150686,Children,106
EmoHier,218.281152080495,12.115068493150686,Children,106
EmoAvg,227.582092094128,12.115068493150686,Children,106
Cong,170.317039683152,12.115068493150686,Children,106
Cond,172.281661748873,12.115068493150686,Children,106
CongBeta,170.121257511491,12.115068493150686,Children,106
CondBeta,172.121257511309,12.115068493150686,Children,106
Vanilla,67.5633401832754,18.361643835616437,Adults,107
EmoQ,98.0460980520417,18.361643835616437,Adults,107
EmoBias,77.4533832614869,18.361643835616437,Adults,107
EmoHier,66.7691811700037,18.361643835616437,Adults,107
EmoAvg,110.926708640013,18.361643835616437,Adults,107
Cong,69.9737172437139,18.361643835616437,Adults,107
Cond,65.6705414347518,18.361643835616437,Adults,107
CongBeta,69.7994212433233,18.361643835616437,Adults,107
CondBeta,71.1877184880918,18.361643835616437,Adults,107
Vanilla,193.160348896153,11.90958904109589,Children,108
EmoQ,226.468843900897,11.90958904109589,Children,108
EmoBias,211.713398102699,11.90958904109589,Children,108
EmoHier,197.160348899284,11.90958904109589,Children,108
EmoAvg,222.585375051615,11.90958904109589,Children,108
Cong,168.20693358089,11.90958904109589,Children,108
Cond,169.900003170244,11.90958904109589,Children,108
CongBeta,170.677327725009,11.90958904109589,Children,108
CondBeta,172.54761077325,11.90958904109589,Children,108
Vanilla,253.532985001581,8.202739726027398,Children,109
EmoQ,253.132688177278,8.202739726027398,Children,109
EmoBias,254.940234183297,8.202739726027398,Children,109
EmoHier,257.332844736113,8.202739726027398,Children,109
EmoAvg,255.104919164093,8.202739726027398,Children,109
Cong,257.532985001581,8.202739726027398,Children,109
Cond,259.011329983079,8.202739726027398,Children,109
CongBeta,257.012024791645,8.202739726027398,Children,109
CondBeta,258.84575924768,8.202739726027398,Children,109
Vanilla,253.486986607886,12.101369863013698,Children,110
EmoQ,252.495226393069,12.101369863013698,Children,110
EmoBias,254.500456201963,12.101369863013698,Children,110
EmoHier,256.191913034121,12.101369863013698,Children,110
EmoAvg,252.161577771752,12.101369863013698,Children,110
Cong,257.532985001581,12.101369863013698,Children,110
Cond,259.532985001581,12.101369863013698,Children,110
CongBeta,255.099637887175,12.101369863013698,Children,110
CondBeta,256.983534165828,12.101369863013698,Children,110
Vanilla,253.532985001581,10.2,Children,111
EmoQ,250.673364788043,10.2,Children,111
EmoBias,252.667865115559,10.2,Children,111
EmoHier,257.532969001604,10.2,Children,111
EmoAvg,252.25179392809,10.2,Children,111
Cong,257.532985001581,10.2,Children,111
Cond,259.532985001581,10.2,Children,111
CongBeta,256.65815776246,10.2,Children,111
CondBeta,258.809641291396,10.2,Children,111
Vanilla,253.532985001581,10.9013698630137,Children,112
EmoQ,253.532987001603,10.9013698630137,Children,112
EmoBias,255.532987001584,10.9013698630137,Children,112
EmoHier,256.766432002195,10.9013698630137,Children,112
EmoAvg,253.53497695908,10.9013698630137,Children,112
Cong,257.532985001581,10.9013698630137,Children,112
Cond,259.532985001581,10.9013698630137,Children,112
CongBeta,256.232271888997,10.9013698630137,Children,112
CondBeta,257.984443175301,10.9013698630137,Children,112
Vanilla,172.281349327217,17.345205479452055,Adolescents,113
EmoQ,204.280507049036,17.345205479452055,Adolescents,113
EmoBias,190.744847041419,17.345205479452055,Adolescents,113
EmoHier,218.35225766307,17.345205479452055,Adolescents,113
EmoAvg,214.746358646794,17.345205479452055,Adolescents,113
Cong,162.256167714737,17.345205479452055,Adolescents,113
Cond,162.938106958335,17.345205479452055,Adolescents,113
CongBeta,163.731966590216,17.345205479452055,Adolescents,113
CondBeta,163.613883765102,17.345205479452055,Adolescents,113
Vanilla,176.05757241267,18.106849315068494,Adults,114
EmoQ,165.498180003732,18.106849315068494,Adults,114
EmoBias,162.247826860913,18.106849315068494,Adults,114
EmoHier,177.565916266341,18.106849315068494,Adults,114
EmoAvg,162.763853081271,18.106849315068494,Adults,114
Cong,165.376438966231,18.106849315068494,Adults,114
Cond,164.742667256861,18.106849315068494,Adults,114
CongBeta,165.532038164885,18.106849315068494,Adults,114
CondBeta,166.407289316712,18.106849315068494,Adults,114
Vanilla,253.532985001581,11.07945205479452,Children,115
EmoQ,246.219283457392,11.07945205479452,Children,115
EmoBias,248.219256408493,11.07945205479452,Children,115
EmoHier,250.094289255027,11.07945205479452,Children,115
EmoAvg,249.564225774219,11.07945205479452,Children,115
Cong,251.794171126662,11.07945205479452,Children,115
Cond,253.497418339474,11.07945205479452,Children,115
CongBeta,252.696018757649,11.07945205479452,Children,115
CondBeta,249.066913424056,11.07945205479452,Children,115
Vanilla,206.926605048558,11.186301369863012,Children,116
EmoQ,215.422719273485,11.186301369863012,Children,116
EmoBias,172.244693891171,11.186301369863012,Children,116
EmoHier,204.304029161018,11.186301369863012,Children,116
EmoAvg,224.170682317809,11.186301369863012,Children,116
Cong,195.801231158905,11.186301369863012,Children,116
Cond,188.860943251473,11.186301369863012,Children,116
CongBeta,196.430864142368,11.186301369863012,Children,116
CondBeta,185.907517245995,11.186301369863012,Children,116
Vanilla,253.532985001581,17.934246575342467,Adolescents,117
EmoQ,243.339042793863,17.934246575342467,Adolescents,117
EmoBias,245.339042793878,17.934246575342467,Adolescents,117
EmoHier,255.411658844078,17.934246575342467,Adolescents,117
EmoAvg,245.339042793857,17.934246575342467,Adolescents,117
Cong,257.532985001581,17.934246575342467,Adolescents,117
Cond,253.815427260149,17.934246575342467,Adolescents,117
CongBeta,252.685333842884,17.934246575342467,Adolescents,117
CondBeta,254.371947999867,17.934246575342467,Adolescents,117
Vanilla,103.602771714813,19.167123287671235,Adults,118
EmoQ,105.312317827706,19.167123287671235,Adults,118
EmoBias,117.75318884774,19.167123287671235,Adults,118
EmoHier,127.031366802137,19.167123287671235,Adults,118
EmoAvg,136.210904035089,19.167123287671235,Adults,118
Cong,106.26412848465,19.167123287671235,Adults,118
Cond,92.3458531814075,19.167123287671235,Adults,118
CongBeta,98.3079961750406,19.167123287671235,Adults,118
CondBeta,87.6416824808954,19.167123287671235,Adults,118
Vanilla,64.7439721040206,19.46849315068493,Adults,119
EmoQ,182.778819595834,19.46849315068493,Adults,119
EmoBias,77.3895604895584,19.46849315068493,Adults,119
EmoHier,78.3020093421568,19.46849315068493,Adults,119
EmoAvg,125.502282746994,19.46849315068493,Adults,119
Cong,67.6907868677714,19.46849315068493,Adults,119
Cond,65.0736476644689,19.46849315068493,Adults,119
CongBeta,68.1794927800939,19.46849315068493,Adults,119
CondBeta,67.0428542625141,19.46849315068493,Adults,119
Vanilla,253.532985001581,8.038356164383561,Children,120
EmoQ,253.533017001603,8.038356164383561,Children,120
EmoBias,255.532990001584,8.038356164383561,Children,120
EmoHier,255.01396711243,8.038356164383561,Children,120
EmoAvg,252.603818609963,8.038356164383561,Children,120
Cong,242.493627004065,8.038356164383561,Children,120
Cond,244.430705115738,8.038356164383561,Children,120
CongBeta,242.493628124414,8.038356164383561,Children,120
CondBeta,244.436629831729,8.038356164383561,Children,120
Vanilla,247.295848777906,18.39178082191781,Adults,121
EmoQ,198.417174480871,18.39178082191781,Adults,121
EmoBias,185.317753867714,18.39178082191781,Adults,121
EmoHier,199.111157274642,18.39178082191781,Adults,121
EmoAvg,193.034946552857,18.39178082191781,Adults,121
Cong,220.807365183093,18.39178082191781,Adults,121
Cond,216.303043030588,18.39178082191781,Adults,121
CongBeta,218.620749745174,18.39178082191781,Adults,121
CondBeta,217.143574675212,18.39178082191781,Adults,121
