Model,BIC_Value,ExactAge,AgeGroup,StudyID
Vanilla,190.676090233527,20.904109589041095,Adults,1
EmoQ,188.310931015804,20.904109589041095,Adults,1
EmoBias,190.437104546607,20.904109589041095,Adults,1
EmoHier,207.196010871931,20.904109589041095,Adults,1
EmoAvg,191.603755962012,20.904109589041095,Adults,1
Cong,197.360971467297,20.904109589041095,Adults,1
Cond,190.339296241925,20.904109589041095,Adults,1
CongBeta,194.338158453792,20.904109589041095,Adults,1
CondBeta,193.553143271148,20.904109589041095,Adults,1
Vanilla,259.918898703361,20.23835616438356,Adults,2
EmoQ,212.11387434368,20.23835616438356,Adults,2
EmoBias,254.917913346539,20.23835616438356,Adults,2
EmoHier,236.82622443557,20.23835616438356,Adults,2
EmoAvg,224.277992326738,20.23835616438356,Adults,2
Cong,224.208588712502,20.23835616438356,Adults,2
Cond,210.284086984504,20.23835616438356,Adults,2
CongBeta,228.236916070924,20.23835616438356,Adults,2
CondBeta,213.231126046551,20.23835616438356,Adults,2
Vanilla,206.032591465729,20.427397260273978,Adults,3
EmoQ,87.9152738380573,20.427397260273978,Adults,3
EmoBias,81.9161737690853,20.427397260273978,Adults,3
EmoHier,169.237817732029,20.427397260273978,Adults,3
EmoAvg,73.4427023915995,20.427397260273978,Adults,3
Cong,149.348637319234,20.427397260273978,Adults,3
Cond,153.9552700541,20.427397260273978,Adults,3
CongBeta,143.392025171536,20.427397260273978,Adults,3
CondBeta,141.736454115611,20.427397260273978,Adults,3
Vanilla,156.971400528672,20.643835616438356,Adults,4
EmoQ,177.127413887387,20.643835616438356,Adults,4
EmoBias,179.018740523635,20.643835616438356,Adults,4
EmoHier,167.357314760682,20.643835616438356,Adults,4
EmoAvg,176.053002958218,20.643835616438356,Adults,4
Cong,162.915820591651,20.643835616438356,Adults,4
Cond,154.861185008145,20.643835616438356,Adults,4
CongBeta,163.659269188962,20.643835616438356,Adults,4
CondBeta,155.602273211004,20.643835616438356,Adults,4
Vanilla,259.918898703361,21.005479452054793,Adults,5
EmoQ,254.486241825805,21.005479452054793,Adults,5
EmoBias,259.679198676681,21.005479452054793,Adults,5
EmoHier,269.724293822407,21.005479452054793,Adults,5
EmoAvg,259.679198676697,21.005479452054793,Adults,5
Cong,263.426662848922,21.005479452054793,Adults,5
Cond,268.619619665884,21.005479452054793,Adults,5
CongBeta,263.426667396942,21.005479452054793,Adults,5
CondBeta,268.619624301549,21.005479452054793,Adults,5
Vanilla,158.865811491803,19.183561643835617,Adults,6
EmoQ,197.085471714983,19.183561643835617,Adults,6
EmoBias,158.159499168776,19.183561643835617,Adults,6
EmoHier,169.251725193674,19.183561643835617,Adults,6
EmoAvg,196.623371580294,19.183561643835617,Adults,6
Cong,164.986134288851,19.183561643835617,Adults,6
Cond,170.152314288797,19.183561643835617,Adults,6
CongBeta,165.997004090847,19.183561643835617,Adults,6
CondBeta,171.149532356189,19.183561643835617,Adults,6
Vanilla,259.918898703361,18.117808219178084,Adults,7
EmoQ,257.059278489836,18.117808219178084,Adults,7
EmoBias,257.696122299663,18.117808219178084,Adults,7
EmoHier,265.265823136002,18.117808219178084,Adults,7
EmoAvg,262.14911920198,18.117808219178084,Adults,7
Cong,270.304812405142,18.117808219178084,Adults,7
Cond,271.911020248279,18.117808219178084,Adults,7
CongBeta,267.534108570495,18.117808219178084,Adults,7
CondBeta,271.858716090575,18.117808219178084,Adults,7
Vanilla,259.918898703361,19.03835616438356,Adults,8
EmoQ,188.725696195371,19.03835616438356,Adults,8
EmoBias,203.135140305217,19.03835616438356,Adults,8
EmoHier,208.328097174473,19.03835616438356,Adults,8
EmoAvg,202.956832462077,19.03835616438356,Adults,8
Cong,241.867699428829,19.03835616438356,Adults,8
Cond,199.110003759858,19.03835616438356,Adults,8
CongBeta,242.522879177418,19.03835616438356,Adults,8
CondBeta,198.914775074526,19.03835616438356,Adults,8
Vanilla,255.41995772916,18.471232876712328,Adults,9
EmoQ,248.936336940344,18.471232876712328,Adults,9
EmoBias,249.882142838723,18.471232876712328,Adults,9
EmoHier,259.301671717047,18.471232876712328,Adults,9
EmoAvg,253.704440173301,18.471232876712328,Adults,9
Cong,257.494736533367,18.471232876712328,Adults,9
Cond,262.687693351882,18.471232876712328,Adults,9
CongBeta,257.841312913068,18.471232876712328,Adults,9
CondBeta,263.034269764539,18.471232876712328,Adults,9
Vanilla,247.547188990216,20.361643835616437,Adults,10
EmoQ,234.854508821022,20.361643835616437,Adults,10
EmoBias,248.924738446312,20.361643835616437,Adults,10
EmoHier,242.312697047225,20.361643835616437,Adults,10
EmoAvg,249.474255065233,20.361643835616437,Adults,10
Cong,235.281069327013,20.361643835616437,Adults,10
Cond,223.535047324547,20.361643835616437,Adults,10
CongBeta,235.247531885549,20.361643835616437,Adults,10
CondBeta,224.145500916301,20.361643835616437,Adults,10
Vanilla,250.878558067959,20.676712328767124,Adults,11
EmoQ,240.579678902323,20.676712328767124,Adults,11
EmoBias,244.444056906049,20.676712328767124,Adults,11
EmoHier,261.326191608929,20.676712328767124,Adults,11
EmoAvg,241.558991118459,20.676712328767124,Adults,11
Cong,270.304812405142,20.676712328767124,Adults,11
Cond,275.497769256032,20.676712328767124,Adults,11
CongBeta,261.079013730416,20.676712328767124,Adults,11
CondBeta,260.986593957148,20.676712328767124,Adults,11
Vanilla,253.412360705078,14.942465753424658,Adolescents,12
EmoQ,238.627810364323,14.942465753424658,Adolescents,12
EmoBias,220.386754792086,14.942465753424658,Adolescents,12
EmoHier,251.804482946575,14.942465753424658,Adolescents,12
EmoAvg,257.333520551001,14.942465753424658,Adolescents,12
Cong,173.451432846002,14.942465753424658,Adolescents,12
Cond,178.005745879341,14.942465753424658,Adolescents,12
CongBeta,173.451442271179,14.942465753424658,Adolescents,12
CondBeta,177.874095172931,14.942465753424658,Adolescents,12
Vanilla,259.918898703361,20.65205479452055,Adults,13
EmoQ,259.918903703389,20.65205479452055,Adults,13
EmoBias,265.111860554254,20.65205479452055,Adults,13
EmoHier,268.811195579466,20.65205479452055,Adults,13
EmoAvg,265.111857554253,20.65205479452055,Adults,13
Cong,270.304812405142,20.65205479452055,Adults,13
Cond,271.29663740284,20.65205479452055,Adults,13
CongBeta,266.347287286167,20.65205479452055,Adults,13
CondBeta,271.348970205916,20.65205479452055,Adults,13
Vanilla,244.498752119108,13.69041095890411,Adolescents,16
EmoQ,216.253423798506,13.69041095890411,Adolescents,16
EmoBias,219.157907151178,13.69041095890411,Adolescents,16
EmoHier,235.342809097627,13.69041095890411,Adolescents,16
EmoAvg,214.29844583037,13.69041095890411,Adolescents,16
Cong,238.467210836409,13.69041095890411,Adolescents,16
Cond,240.069634366344,13.69041095890411,Adolescents,16
CongBeta,238.309767959426,13.69041095890411,Adolescents,16
CondBeta,239.908854319561,13.69041095890411,Adolescents,16
Vanilla,259.661968047217,19.813698630136987,Adults,14
EmoQ,259.918900703384,19.813698630136987,Adults,14
EmoBias,265.111857106598,19.813698630136987,Adults,14
EmoHier,268.631975543872,19.813698630136987,Adults,14
EmoAvg,265.111856554257,19.813698630136987,Adults,14
Cong,269.499636280427,19.813698630136987,Adults,14
Cond,275.497769256032,19.813698630136987,Adults,14
CongBeta,269.319194618392,19.813698630136987,Adults,14
CondBeta,274.370593274834,19.813698630136987,Adults,14
Vanilla,249.481687972862,13.336986301369864,Adolescents,15
EmoQ,243.768654876461,13.336986301369864,Adolescents,15
EmoBias,251.170691183137,13.336986301369864,Adolescents,15
EmoHier,233.101947530161,13.336986301369864,Adolescents,15
EmoAvg,229.806984485106,13.336986301369864,Adolescents,15
Cong,256.876620429335,13.336986301369864,Adolescents,15
Cond,257.69757965128,13.336986301369864,Adolescents,15
CongBeta,252.571031532179,13.336986301369864,Adolescents,15
CondBeta,253.904077624151,13.336986301369864,Adolescents,15
Vanilla,61.1092029857551,18.676712328767124,Adults,17
EmoQ,76.2228120747207,18.676712328767124,Adults,17
EmoBias,57.6735357359229,18.676712328767124,Adults,17
EmoHier,90.2411653709583,18.676712328767124,Adults,17
EmoAvg,92.4080323258396,18.676712328767124,Adults,17
Cong,67.6618114329193,18.676712328767124,Adults,17
Cond,69.6130433763398,18.676712328767124,Adults,17
CongBeta,69.2783994003628,18.676712328767124,Adults,17
CondBeta,69.0460486433298,18.676712328767124,Adults,17
Vanilla,226.079938017888,18.273972602739725,Adults,18
EmoQ,233.22420710253,18.273972602739725,Adults,18
EmoBias,232.572748369601,18.273972602739725,Adults,18
EmoHier,230.282549401756,18.273972602739725,Adults,18
EmoAvg,231.050254986509,18.273972602739725,Adults,18
Cong,231.411223809809,18.273972602739725,Adults,18
Cond,234.923045799033,18.273972602739725,Adults,18
CongBeta,232.009898741939,18.273972602739725,Adults,18
CondBeta,236.259896013849,18.273972602739725,Adults,18
Vanilla,219.18953412001,19.027397260273972,Adults,19
EmoQ,223.223679365146,19.027397260273972,Adults,19
EmoBias,224.750426437396,19.027397260273972,Adults,19
EmoHier,227.008030621046,19.027397260273972,Adults,19
EmoAvg,227.268560424382,19.027397260273972,Adults,19
Cong,227.762447517351,19.027397260273972,Adults,19
Cond,229.259301291638,19.027397260273972,Adults,19
CongBeta,228.504196453467,19.027397260273972,Adults,19
CondBeta,227.199325929111,19.027397260273972,Adults,19
Vanilla,259.880293839165,14.178082191780822,Adolescents,20
EmoQ,258.007720814328,14.178082191780822,Adolescents,20
EmoBias,252.476213530163,14.178082191780822,Adolescents,20
EmoHier,267.839993113439,14.178082191780822,Adolescents,20
EmoAvg,256.640801197508,14.178082191780822,Adolescents,20
Cong,268.00120311815,14.178082191780822,Adolescents,20
Cond,275.497769256032,14.178082191780822,Adolescents,20
CongBeta,268.427540959721,14.178082191780822,Adolescents,20
CondBeta,273.54665376007,14.178082191780822,Adolescents,20
Vanilla,217.033114621103,19.731506849315068,Adults,21
EmoQ,232.428886891254,19.731506849315068,Adults,21
EmoBias,196.161434270163,19.731506849315068,Adults,21
EmoHier,218.989542630758,19.731506849315068,Adults,21
EmoAvg,211.190974072732,19.731506849315068,Adults,21
Cong,183.692839573327,19.731506849315068,Adults,21
Cond,188.684946072532,19.731506849315068,Adults,21
CongBeta,185.619264421872,19.731506849315068,Adults,21
CondBeta,190.809927041684,19.731506849315068,Adults,21
Vanilla,224.220436282354,19.75068493150685,Adults,22
EmoQ,222.495456403255,19.75068493150685,Adults,22
EmoBias,225.714418324622,19.75068493150685,Adults,22
EmoHier,234.285280268653,19.75068493150685,Adults,22
EmoAvg,229.437758179301,19.75068493150685,Adults,22
Cong,230.308270066765,19.75068493150685,Adults,22
Cond,230.435212949706,19.75068493150685,Adults,22
CongBeta,230.938956873541,19.75068493150685,Adults,22
CondBeta,231.914453553058,19.75068493150685,Adults,22
Vanilla,86.9962066959959,19.91780821917808,Adults,23
EmoQ,126.367556238876,19.91780821917808,Adults,23
EmoBias,108.639966595129,19.91780821917808,Adults,23
EmoHier,92.7902296574194,19.91780821917808,Adults,23
EmoAvg,146.329891075381,19.91780821917808,Adults,23
Cong,93.5017127153981,19.91780821917808,Adults,23
Cond,98.1096376619014,19.91780821917808,Adults,23
CongBeta,94.2747519925818,19.91780821917808,Adults,23
CondBeta,98.8721520312027,19.91780821917808,Adults,23
Vanilla,246.164534664492,14.3013698630137,Adolescents,24
EmoQ,240.526987276656,14.3013698630137,Adolescents,24
EmoBias,253.329709221948,14.3013698630137,Adolescents,24
EmoHier,258.366349931735,14.3013698630137,Adolescents,24
EmoAvg,251.833387092358,14.3013698630137,Adolescents,24
Cong,256.506905440765,14.3013698630137,Adolescents,24
Cond,261.670892078753,14.3013698630137,Adolescents,24
CongBeta,256.481978817876,14.3013698630137,Adolescents,24
CondBeta,261.65141643218,14.3013698630137,Adolescents,24
Vanilla,248.824425562067,13.082191780821915,Adolescents,25
EmoQ,247.238463831313,13.082191780821915,Adolescents,25
EmoBias,249.923325132062,13.082191780821915,Adolescents,25
EmoHier,252.496173584455,13.082191780821915,Adolescents,25
EmoAvg,249.827894540941,13.082191780821915,Adolescents,25
Cong,256.93781064198,13.082191780821915,Adolescents,25
Cond,262.054920209792,13.082191780821915,Adolescents,25
CongBeta,257.291114678794,13.082191780821915,Adolescents,25
CondBeta,262.313498673367,13.082191780821915,Adolescents,25
Vanilla,240.752945617301,14.013698630136986,Adolescents,26
EmoQ,241.688296284139,14.013698630136986,Adolescents,26
EmoBias,247.110834798503,14.013698630136986,Adolescents,26
EmoHier,248.34003860429,14.013698630136986,Adolescents,26
EmoAvg,233.358269773266,14.013698630136986,Adolescents,26
Cong,270.304812405142,14.013698630136986,Adolescents,26
Cond,232.088635579624,14.013698630136986,Adolescents,26
CongBeta,228.081213954267,14.013698630136986,Adolescents,26
CondBeta,231.895891632929,14.013698630136986,Adolescents,26
Vanilla,259.918898703361,12.227397260273971,Children,27
EmoQ,259.918910703384,12.227397260273971,Children,27
EmoBias,264.633791424231,12.227397260273971,Children,27
EmoHier,267.745578139194,12.227397260273971,Children,27
EmoAvg,265.104275164615,12.227397260273971,Children,27
Cong,270.304812405142,12.227397260273971,Children,27
Cond,275.497769256032,12.227397260273971,Children,27
CongBeta,266.262194212436,12.227397260273971,Children,27
CondBeta,271.450601983949,12.227397260273971,Children,27
Vanilla,230.715863289951,14.106849315068493,Adolescents,28
EmoQ,239.377647094174,14.106849315068493,Adolescents,28
EmoBias,237.94632186833,14.106849315068493,Adolescents,28
EmoHier,240.67641743241,14.106849315068493,Adolescents,28
EmoAvg,244.343571040325,14.106849315068493,Adolescents,28
Cong,231.862426538107,14.106849315068493,Adolescents,28
Cond,233.00755379979,14.106849315068493,Adolescents,28
CongBeta,232.173847957327,14.106849315068493,Adolescents,28
CondBeta,233.564001846098,14.106849315068493,Adolescents,28
Vanilla,259.918898703361,15.205479452054794,Adolescents,29
EmoQ,259.918900703383,15.205479452054794,Adolescents,29
EmoBias,264.192808230699,15.205479452054794,Adolescents,29
EmoHier,267.60014684533,15.205479452054794,Adolescents,29
EmoAvg,264.450420647537,15.205479452054794,Adolescents,29
Cong,267.023504575415,15.205479452054794,Adolescents,29
Cond,270.614288315237,15.205479452054794,Adolescents,29
CongBeta,266.927274387651,15.205479452054794,Adolescents,29
CondBeta,270.943726982813,15.205479452054794,Adolescents,29
Vanilla,259.918898703361,12.652054794520549,Children,30
EmoQ,259.918908703384,12.652054794520549,Children,30
EmoBias,265.111863554254,12.652054794520549,Children,30
EmoHier,270.304812405142,12.652054794520549,Children,30
EmoAvg,265.111856554254,12.652054794520549,Children,30
Cong,270.304812405142,12.652054794520549,Children,30
Cond,275.497769256032,12.652054794520549,Children,30
CongBeta,270.304812405142,12.652054794520549,Children,30
CondBeta,275.497257046861,12.652054794520549,Children,30
Vanilla,193.419666168994,14.41917808219178,Adolescents,31
EmoQ,211.484619079134,14.41917808219178,Adolescents,31
EmoBias,215.79577188219,14.41917808219178,Adolescents,31
EmoHier,204.461666967941,14.41917808219178,Adolescents,31
EmoAvg,196.564068016143,14.41917808219178,Adolescents,31
Cong,184.328461374362,14.41917808219178,Adolescents,31
Cond,187.354728896731,14.41917808219178,Adolescents,31
CongBeta,189.333608421472,14.41917808219178,Adolescents,31
CondBeta,192.53898676246,14.41917808219178,Adolescents,31
Vanilla,258.532604342241,13.868493150684932,Adolescents,32
EmoQ,248.236303286331,13.868493150684932,Adolescents,32
EmoBias,254.890868002098,13.868493150684932,Adolescents,32
EmoHier,250.97380651572,13.868493150684932,Adolescents,32
EmoAvg,251.523091246565,13.868493150684932,Adolescents,32
Cong,259.080965322695,13.868493150684932,Adolescents,32
Cond,259.996377629415,13.868493150684932,Adolescents,32
CongBeta,256.937153477449,13.868493150684932,Adolescents,32
CondBeta,260.774682727229,13.868493150684932,Adolescents,32
Vanilla,259.918898703361,11.178082191780822,Children,33
EmoQ,212.953073909269,11.178082191780822,Children,33
EmoBias,217.349795699916,11.178082191780822,Children,33
EmoHier,223.338987611054,11.178082191780822,Children,33
EmoAvg,217.998520142079,11.178082191780822,Children,33
Cong,235.949111609179,11.178082191780822,Children,33
Cond,241.142068460279,11.178082191780822,Children,33
CongBeta,235.94911374992,11.178082191780822,Children,33
CondBeta,241.142070599854,11.178082191780822,Children,33
Vanilla,259.918898703361,12.465753424657532,Children,34
EmoQ,251.114691114502,12.465753424657532,Children,34
EmoBias,257.007491638671,12.465753424657532,Children,34
EmoHier,260.545818513582,12.465753424657532,Children,34
EmoAvg,248.655838527357,12.465753424657532,Children,34
Cong,266.605425174303,12.465753424657532,Children,34
Cond,272.695195717079,12.465753424657532,Children,34
CongBeta,270.304812405142,12.465753424657532,Children,34
CondBeta,270.311369650017,12.465753424657532,Children,34
Vanilla,208.565356500409,8.704109589041096,Children,35
EmoQ,218.614821657785,8.704109589041096,Children,35
EmoBias,211.674918257169,8.704109589041096,Children,35
EmoHier,213.030273984823,8.704109589041096,Children,35
EmoAvg,215.297567364076,8.704109589041096,Children,35
Cong,215.43253376103,8.704109589041096,Children,35
Cond,215.220855661972,8.704109589041096,Children,35
CongBeta,217.43022232087,8.704109589041096,Children,35
CondBeta,220.927692037637,8.704109589041096,Children,35
Vanilla,259.918898703361,8.073972602739726,Children,36
EmoQ,259.478176343261,8.073972602739726,Children,36
EmoBias,264.798507575625,8.073972602739726,Children,36
EmoHier,269.211489322597,8.073972602739726,Children,36
EmoAvg,263.956061801703,8.073972602739726,Children,36
Cong,265.883444086324,8.073972602739726,Children,36
Cond,271.07640102831,8.073972602739726,Children,36
CongBeta,265.890279974508,8.073972602739726,Children,36
CondBeta,271.083236827603,8.073972602739726,Children,36
Vanilla,259.918898703361,8.942465753424658,Children,37
EmoQ,259.91890270339,8.942465753424658,Children,37
EmoBias,265.111856183311,8.942465753424658,Children,37
EmoHier,270.304812405142,8.942465753424658,Children,37
EmoAvg,264.892147062147,8.942465753424658,Children,37
Cong,270.304812405142,8.942465753424658,Children,37
Cond,275.497769256032,8.942465753424658,Children,37
CongBeta,269.382176460602,8.942465753424658,Children,37
CondBeta,274.195071750696,8.942465753424658,Children,37
Vanilla,259.918898703361,9.035616438356165,Children,38
EmoQ,259.918902703384,9.035616438356165,Children,38
EmoBias,263.638633812626,9.035616438356165,Children,38
EmoHier,268.589981652602,9.035616438356165,Children,38
EmoAvg,265.111856042099,9.035616438356165,Children,38
Cong,268.181093184166,9.035616438356165,Children,38
Cond,273.282570121461,9.035616438356165,Children,38
CongBeta,268.110728198733,9.035616438356165,Children,38
CondBeta,274.812799216511,9.035616438356165,Children,38
Vanilla,259.918898703361,9.465753424657532,Children,39
EmoQ,259.206848177423,9.465753424657532,Children,39
EmoBias,263.009386324563,9.465753424657532,Children,39
EmoHier,270.304804405164,9.465753424657532,Children,39
EmoAvg,264.399805028318,9.465753424657532,Children,39
Cong,270.304812405142,9.465753424657532,Children,39
Cond,275.497769256032,9.465753424657532,Children,39
CongBeta,266.32121702154,9.465753424657532,Children,39
CondBeta,271.514173872428,9.465753424657532,Children,39
Vanilla,250.102277046312,9.657534246575343,Children,40
EmoQ,250.672608352594,9.657534246575343,Children,40
EmoBias,249.343111994565,9.657534246575343,Children,40
EmoHier,255.996405102955,9.657534246575343,Children,40
EmoAvg,248.466802551741,9.657534246575343,Children,40
Cong,252.367380221103,9.657534246575343,Children,40
Cond,255.381971136538,9.657534246575343,Children,40
CongBeta,250.070134758122,9.657534246575343,Children,40
CondBeta,254.983345129617,9.657534246575343,Children,40
Vanilla,259.918898703361,8.67123287671233,Children,41
EmoQ,259.918904703384,8.67123287671233,Children,41
EmoBias,264.047764521918,8.67123287671233,Children,41
EmoHier,267.272753966583,8.67123287671233,Children,41
EmoAvg,257.21066637325,8.67123287671233,Children,41
Cong,266.23031597121,8.67123287671233,Children,41
Cond,271.387937468857,8.67123287671233,Children,41
CongBeta,267.135716660235,8.67123287671233,Children,41
CondBeta,272.328673504806,8.67123287671233,Children,41
Vanilla,256.640934117386,10.095890410958903,Children,42
EmoQ,167.815427530459,10.095890410958903,Children,42
EmoBias,144.257355239568,10.095890410958903,Children,42
EmoHier,172.430401104665,10.095890410958903,Children,42
EmoAvg,171.213469168359,10.095890410958903,Children,42
Cong,230.286865889151,10.095890410958903,Children,42
Cond,215.438570900811,10.095890410958903,Children,42
CongBeta,229.814818851459,10.095890410958903,Children,42
CondBeta,214.633914758905,10.095890410958903,Children,42
Vanilla,213.127573072437,9.915068493150685,Children,43
EmoQ,195.89520036175,9.915068493150685,Children,43
EmoBias,199.976330780525,9.915068493150685,Children,43
EmoHier,221.893639046323,9.915068493150685,Children,43
EmoAvg,198.423986734298,9.915068493150685,Children,43
Cong,223.156385442023,9.915068493150685,Children,43
Cond,225.251120006387,9.915068493150685,Children,43
CongBeta,223.39701602775,9.915068493150685,Children,43
CondBeta,225.49794982871,9.915068493150685,Children,43
Vanilla,184.845843817513,16.2986301369863,Adolescents,44
EmoQ,216.728190567336,16.2986301369863,Adolescents,44
EmoBias,206.083607754987,16.2986301369863,Adolescents,44
EmoHier,187.138192461518,16.2986301369863,Adolescents,44
EmoAvg,217.153217218256,16.2986301369863,Adolescents,44
Cong,185.631160363277,16.2986301369863,Adolescents,44
Cond,190.536803941584,16.2986301369863,Adolescents,44
CongBeta,186.166277873442,16.2986301369863,Adolescents,44
CondBeta,191.060754086766,16.2986301369863,Adolescents,44
Vanilla,255.876507576774,14.158904109589042,Adolescents,45
EmoQ,253.193620786091,14.158904109589042,Adolescents,45
EmoBias,257.972455129789,14.158904109589042,Adolescents,45
EmoHier,258.180664997901,14.158904109589042,Adolescents,45
EmoAvg,257.672581432384,14.158904109589042,Adolescents,45
Cong,270.304812405142,14.158904109589042,Adolescents,45
Cond,267.46870283675503,14.158904109589042,Adolescents,45
CongBeta,263.507489741781,14.158904109589042,Adolescents,45
CondBeta,267.724096894424,14.158904109589042,Adolescents,45
Vanilla,258.276810439233,11.665753424657536,Children,46
EmoQ,258.793978889779,11.665753424657536,Children,46
EmoBias,262.780158342389,11.665753424657536,Children,46
EmoHier,264.792087488581,11.665753424657536,Children,46
EmoAvg,261.899691555442,11.665753424657536,Children,46
Cong,270.304812405142,11.665753424657536,Children,46
Cond,273.299446126718,11.665753424657536,Children,46
CongBeta,268.125904611775,11.665753424657536,Children,46
CondBeta,273.303816453224,11.665753424657536,Children,46
Vanilla,259.877579245308,15.326027397260274,Adolescents,47
EmoQ,257.162387018348,15.326027397260274,Adolescents,47
EmoBias,263.645618155774,15.326027397260274,Adolescents,47
EmoHier,269.044911395423,15.326027397260274,Adolescents,47
EmoAvg,264.017426571829,15.326027397260274,Adolescents,47
Cong,265.750453842428,15.326027397260274,Adolescents,47
Cond,270.136147430965,15.326027397260274,Adolescents,47
CongBeta,264.880986239199,15.326027397260274,Adolescents,47
CondBeta,269.936956720516,15.326027397260274,Adolescents,47
Vanilla,178.547981542905,9.865753424657534,Children,48
EmoQ,162.196365642854,9.865753424657534,Children,48
EmoBias,125.472264462499,9.865753424657534,Children,48
EmoHier,187.134498173258,9.865753424657534,Children,48
EmoAvg,124.972599971442,9.865753424657534,Children,48
Cong,154.998282044725,9.865753424657534,Children,48
Cond,163.195412994942,9.865753424657534,Children,48
CongBeta,155.360876732806,9.865753424657534,Children,48
CondBeta,160.137424109696,9.865753424657534,Children,48
Vanilla,258.83678317966,9.865753424657534,Children,49
EmoQ,254.324572322362,9.865753424657534,Children,49
EmoBias,258.541826715919,9.865753424657534,Children,49
EmoHier,262.574308681201,9.865753424657534,Children,49
EmoAvg,257.682472555987,9.865753424657534,Children,49
Cong,266.871967511552,9.865753424657534,Children,49
Cond,275.497769256032,9.865753424657534,Children,49
CongBeta,267.424284875577,9.865753424657534,Children,49
CondBeta,272.112058662751,9.865753424657534,Children,49
Vanilla,251.393316555637,15.227397260273971,Adolescents,50
EmoQ,184.088129304308,15.227397260273971,Adolescents,50
EmoBias,187.517326964809,15.227397260273971,Adolescents,50
EmoHier,210.835775275188,15.227397260273971,Adolescents,50
EmoAvg,186.174536277087,15.227397260273971,Adolescents,50
Cong,208.249581617299,15.227397260273971,Adolescents,50
Cond,207.02579805553,15.227397260273971,Adolescents,50
CongBeta,209.562367625825,15.227397260273971,Adolescents,50
CondBeta,207.820622003937,15.227397260273971,Adolescents,50
Vanilla,259.918898703361,8.04109589041096,Children,51
EmoQ,259.918902703383,8.04109589041096,Children,51
EmoBias,265.111855554254,8.04109589041096,Children,51
EmoHier,267.987869098787,8.04109589041096,Children,51
EmoAvg,263.61951162569,8.04109589041096,Children,51
Cong,270.304812405142,8.04109589041096,Children,51
Cond,275.383694283509,8.04109589041096,Children,51
CongBeta,270.190754113469,8.04109589041096,Children,51
CondBeta,275.4169365069,8.04109589041096,Children,51
Vanilla,210.074277158965,15.03013698630137,Adolescents,52
EmoQ,252.024323441248,15.03013698630137,Adolescents,52
EmoBias,213.496230726126,15.03013698630137,Adolescents,52
EmoHier,215.574916917941,15.03013698630137,Adolescents,52
EmoAvg,233.515497317936,15.03013698630137,Adolescents,52
Cong,179.975436511055,15.03013698630137,Adolescents,52
Cond,181.904749104454,15.03013698630137,Adolescents,52
CongBeta,181.076536523012,15.03013698630137,Adolescents,52
CondBeta,184.814632346219,15.03013698630137,Adolescents,52
Vanilla,64.8164439093147,22.775342465753425,Adults,53
EmoQ,70.3798171461112,22.775342465753425,Adults,53
EmoBias,81.6086032667576,22.775342465753425,Adults,53
EmoHier,72.652073873993,22.775342465753425,Adults,53
EmoAvg,57.8185669424609,22.775342465753425,Adults,53
Cong,74.4574343048312,22.775342465753425,Adults,53
Cond,77.1726114491442,22.775342465753425,Adults,53
CongBeta,71.737680018465,22.775342465753425,Adults,53
CondBeta,76.8705812243684,22.775342465753425,Adults,53
Vanilla,216.106952694584,21.567123287671233,Adults,54
EmoQ,217.547920762515,21.567123287671233,Adults,54
EmoBias,220.030770762116,21.567123287671233,Adults,54
EmoHier,223.913225899129,21.567123287671233,Adults,54
EmoAvg,226.051429491024,21.567123287671233,Adults,54
Cong,210.974500963672,21.567123287671233,Adults,54
Cond,216.167457816096,21.567123287671233,Adults,54
CongBeta,219.791849663472,21.567123287671233,Adults,54
CondBeta,223.690594632172,21.567123287671233,Adults,54
Vanilla,216.841758742694,21.39452054794521,Adults,55
EmoQ,215.976410893018,21.39452054794521,Adults,55
EmoBias,220.050443678124,21.39452054794521,Adults,55
EmoHier,223.155289425621,21.39452054794521,Adults,55
EmoAvg,213.246575342591,21.39452054794521,Adults,55
Cong,216.966400368082,21.39452054794521,Adults,55
Cond,195.833080661973,21.39452054794521,Adults,55
CongBeta,218.106267527179,21.39452054794521,Adults,55
CondBeta,198.926597854443,21.39452054794521,Adults,55
Vanilla,241.10498482196,21.35890410958904,Adults,56
EmoQ,241.337193933192,21.35890410958904,Adults,56
EmoBias,244.199607608328,21.35890410958904,Adults,56
EmoHier,249.774170166061,21.35890410958904,Adults,56
EmoAvg,243.142801096147,21.35890410958904,Adults,56
Cong,250.925604296283,21.35890410958904,Adults,56
Cond,255.33212931819,21.35890410958904,Adults,56
CongBeta,250.890168834188,21.35890410958904,Adults,56
CondBeta,255.524992615618,21.35890410958904,Adults,56
Vanilla,259.918898703361,21.578082191780823,Adults,57
EmoQ,257.726644917658,21.578082191780823,Adults,57
EmoBias,261.978404896516,21.578082191780823,Adults,57
EmoHier,266.114068961983,21.578082191780823,Adults,57
EmoAvg,259.246785260373,21.578082191780823,Adults,57
Cong,261.354313350153,21.578082191780823,Adults,57
Cond,266.746811365795,21.578082191780823,Adults,57
CongBeta,260.984661364658,21.578082191780823,Adults,57
CondBeta,265.768227914713,21.578082191780823,Adults,57
Vanilla,61.5123620206855,21.13972602739726,Adults,58
EmoQ,194.517106928137,21.13972602739726,Adults,58
EmoBias,77.5502873585277,21.13972602739726,Adults,58
EmoHier,71.5394802625244,21.13972602739726,Adults,58
EmoAvg,145.474371926074,21.13972602739726,Adults,58
Cong,69.7616620580901,21.13972602739726,Adults,58
Cond,74.7710151894443,21.13972602739726,Adults,58
CongBeta,70.5830945644053,21.13972602739726,Adults,58
CondBeta,73.8753479515499,21.13972602739726,Adults,58
Vanilla,258.907037960805,21.16164383561644,Adults,59
EmoQ,253.656359248123,21.16164383561644,Adults,59
EmoBias,258.104423562946,21.16164383561644,Adults,59
EmoHier,264.123585995148,21.16164383561644,Adults,59
EmoAvg,253.216517960276,21.16164383561644,Adults,59
Cong,266.112357389498,21.16164383561644,Adults,59
Cond,271.244045168083,21.16164383561644,Adults,59
CongBeta,266.860837229025,21.16164383561644,Adults,59
CondBeta,269.168239347017,21.16164383561644,Adults,59
Vanilla,146.74068443627,21.432876712328767,Adults,60
EmoQ,201.477310186364,21.432876712328767,Adults,60
EmoBias,161.149577253768,21.432876712328767,Adults,60
EmoHier,159.562200362045,21.432876712328767,Adults,60
EmoAvg,186.326128859193,21.432876712328767,Adults,60
Cong,155.511979962315,21.432876712328767,Adults,60
Cond,156.685425378411,21.432876712328767,Adults,60
CongBeta,155.722428229391,21.432876712328767,Adults,60
CondBeta,158.313778142386,21.432876712328767,Adults,60
Vanilla,252.782969955612,21.15068493150685,Adults,61
EmoQ,236.468254781312,21.15068493150685,Adults,61
EmoBias,240.97668313388,21.15068493150685,Adults,61
EmoHier,250.622673291937,21.15068493150685,Adults,61
EmoAvg,242.583534277454,21.15068493150685,Adults,61
Cong,258.98811677013,21.15068493150685,Adults,61
Cond,259.774198670615,21.15068493150685,Adults,61
CongBeta,259.686078065124,21.15068493150685,Adults,61
CondBeta,259.590675514553,21.15068493150685,Adults,61
Vanilla,114.395934177566,21.356164383561644,Adults,62
EmoQ,138.915477847892,21.356164383561644,Adults,62
EmoBias,127.362842513092,21.356164383561644,Adults,62
EmoHier,124.079085016374,21.356164383561644,Adults,62
EmoAvg,148.215900711955,21.356164383561644,Adults,62
Cong,97.5566119975799,21.356164383561644,Adults,62
Cond,101.331982668371,21.356164383561644,Adults,62
CongBeta,97.0127510285992,21.356164383561644,Adults,62
CondBeta,101.248319886965,21.356164383561644,Adults,62
Vanilla,238.397210003294,22.2986301369863,Adults,63
EmoQ,193.754351752434,22.2986301369863,Adults,63
EmoBias,203.385502655319,22.2986301369863,Adults,63
EmoHier,222.468087132252,22.2986301369863,Adults,63
EmoAvg,197.326344188674,22.2986301369863,Adults,63
Cong,212.847000376442,22.2986301369863,Adults,63
Cond,216.111908845269,22.2986301369863,Adults,63
CongBeta,214.478634808501,22.2986301369863,Adults,63
CondBeta,217.500574735902,22.2986301369863,Adults,63
Vanilla,259.918898703361,9.476712328767125,Children,64
EmoQ,259.918902703384,9.476712328767125,Children,64
EmoBias,265.11185653214,9.476712328767125,Children,64
EmoHier,263.57435922455,9.476712328767125,Children,64
EmoAvg,261.741799330961,9.476712328767125,Children,64
Cong,270.304812405142,9.476712328767125,Children,64
Cond,275.085216105962,9.476712328767125,Children,64
CongBeta,270.304812405142,9.476712328767125,Children,64
CondBeta,275.497769256032,9.476712328767125,Children,64
Vanilla,259.918898703361,12.843835616438357,Children,65
EmoQ,253.457343540051,12.843835616438357,Children,65
EmoBias,258.338954829973,12.843835616438357,Children,65
EmoHier,258.150214337032,12.843835616438357,Children,65
EmoAvg,257.911388642494,12.843835616438357,Children,65
Cong,265.071073240618,12.843835616438357,Children,65
Cond,269.062683248537,12.843835616438357,Children,65
CongBeta,263.09166413911,12.843835616438357,Children,65
CondBeta,265.649021686126,12.843835616438357,Children,65
Vanilla,193.21019204324,12.263013698630138,Children,66
EmoQ,197.632850665753,12.263013698630138,Children,66
EmoBias,199.103613591359,12.263013698630138,Children,66
EmoHier,206.214390488367,12.263013698630138,Children,66
EmoAvg,201.808139880374,12.263013698630138,Children,66
Cong,200.015122781653,12.263013698630138,Children,66
Cond,202.929529992548,12.263013698630138,Children,66
CongBeta,202.241869364226,12.263013698630138,Children,66
CondBeta,207.292576070078,12.263013698630138,Children,66
Vanilla,259.608942484394,15.846575342465751,Adolescents,67
EmoQ,257.111401888712,15.846575342465751,Adolescents,67
EmoBias,261.978029263729,15.846575342465751,Adolescents,67
EmoHier,265.733430814999,15.846575342465751,Adolescents,67
EmoAvg,260.10865763755,15.846575342465751,Adolescents,67
Cong,268.097613979521,15.846575342465751,Adolescents,67
Cond,275.497769256032,15.846575342465751,Adolescents,67
CongBeta,268.09761392964,15.846575342465751,Adolescents,67
CondBeta,270.850400291028,15.846575342465751,Adolescents,67
Vanilla,230.120945562181,15.027397260273972,Adolescents,68
EmoQ,231.265407225089,15.027397260273972,Adolescents,68
EmoBias,235.081408199232,15.027397260273972,Adolescents,68
EmoHier,243.570750016468,15.027397260273972,Adolescents,68
EmoAvg,232.926657275182,15.027397260273972,Adolescents,68
Cong,235.340617999598,15.027397260273972,Adolescents,68
Cond,236.297914226124,15.027397260273972,Adolescents,68
CongBeta,237.721241598418,15.027397260273972,Adolescents,68
CondBeta,242.250675612005,15.027397260273972,Adolescents,68
Vanilla,257.953315013234,9.213698630136989,Children,69
EmoQ,258.551444496616,9.213698630136989,Children,69
EmoBias,263.482669728504,9.213698630136989,Children,69
EmoHier,256.325826073292,9.213698630136989,Children,69
EmoAvg,263.408840472976,9.213698630136989,Children,69
Cong,264.591832243355,9.213698630136989,Children,69
Cond,267.548659211442,9.213698630136989,Children,69
CongBeta,264.688304065727,9.213698630136989,Children,69
CondBeta,269.546914183769,9.213698630136989,Children,69
Vanilla,89.2777280709093,14.994520547945204,Adolescents,70
EmoQ,108.734951911545,14.994520547945204,Adolescents,70
EmoBias,84.5419600055967,14.994520547945204,Adolescents,70
EmoHier,100.308110621668,14.994520547945204,Adolescents,70
EmoAvg,121.088293143018,14.994520547945204,Adolescents,70
Cong,94.4290118178604,14.994520547945204,Adolescents,70
Cond,90.9639574590407,14.994520547945204,Adolescents,70
CongBeta,95.2707346428356,14.994520547945204,Adolescents,70
CondBeta,95.9547251257635,14.994520547945204,Adolescents,70
Vanilla,125.056091044054,22.76164383561644,Adults,71
EmoQ,166.601397668607,22.76164383561644,Adults,71
EmoBias,122.65289000672,22.76164383561644,Adults,71
EmoHier,133.633308497404,22.76164383561644,Adults,71
EmoAvg,167.870910157249,22.76164383561644,Adults,71
Cong,135.178110817297,22.76164383561644,Adults,71
Cond,134.564856999493,22.76164383561644,Adults,71
CongBeta,130.119519443473,22.76164383561644,Adults,71
CondBeta,134.245283513549,22.76164383561644,Adults,71
Vanilla,141.777684999374,22.45205479452055,Adults,72
EmoQ,171.892397759499,22.45205479452055,Adults,72
EmoBias,167.387757744424,22.45205479452055,Adults,72
EmoHier,152.16359870121,22.45205479452055,Adults,72
EmoAvg,185.221371811905,22.45205479452055,Adults,72
Cong,136.934782364186,22.45205479452055,Adults,72
Cond,141.829537977737,22.45205479452055,Adults,72
CongBeta,139.005122720185,22.45205479452055,Adults,72
CondBeta,143.871966121216,22.45205479452055,Adults,72
Vanilla,258.869663883062,12.26027397260274,Children,73
EmoQ,259.918910703384,12.26027397260274,Children,73
EmoBias,264.261318455686,12.26027397260274,Children,73
EmoHier,268.814128464277,12.26027397260274,Children,73
EmoAvg,265.111856554254,12.26027397260274,Children,73
Cong,270.304812405142,12.26027397260274,Children,73
Cond,275.497769256032,12.26027397260274,Children,73
CongBeta,268.358783102955,12.26027397260274,Children,73
CondBeta,273.517482033853,12.26027397260274,Children,73
Vanilla,206.675390583775,10.41917808219178,Children,74
EmoQ,188.140314132938,10.41917808219178,Children,74
EmoBias,208.695188630165,10.41917808219178,Children,74
EmoHier,212.723480019642,10.41917808219178,Children,74
EmoAvg,201.233863605506,10.41917808219178,Children,74
Cong,216.968496847125,10.41917808219178,Children,74
Cond,219.090566727026,10.41917808219178,Children,74
CongBeta,214.505144074647,10.41917808219178,Children,74
CondBeta,218.493966627335,10.41917808219178,Children,74
Vanilla,254.871529409008,11.58904109589041,Children,75
EmoQ,254.341897506576,11.58904109589041,Children,75
EmoBias,259.552374038764,11.58904109589041,Children,75
EmoHier,265.257443110492,11.58904109589041,Children,75
EmoAvg,260.800760871894,11.58904109589041,Children,75
Cong,261.920915990388,11.58904109589041,Children,75
Cond,268.794761525175,11.58904109589041,Children,75
CongBeta,261.919976652981,11.58904109589041,Children,75
CondBeta,266.46231331301,11.58904109589041,Children,75
Vanilla,161.554845775001,22.589041095890412,Adults,76
EmoQ,196.505666055223,22.589041095890412,Adults,76
EmoBias,164.520931534059,22.589041095890412,Adults,76
EmoHier,167.519331060269,22.589041095890412,Adults,76
EmoAvg,189.753435824763,22.589041095890412,Adults,76
Cong,158.793466557633,22.589041095890412,Adults,76
Cond,157.286776401447,22.589041095890412,Adults,76
CongBeta,162.749011299532,22.589041095890412,Adults,76
CondBeta,157.879933420974,22.589041095890412,Adults,76
Vanilla,87.1245315188084,22.802739726027397,Adults,77
EmoQ,134.151751330725,22.802739726027397,Adults,77
EmoBias,94.42858398712,22.802739726027397,Adults,77
EmoHier,121.014587692396,22.802739726027397,Adults,77
EmoAvg,142.310141298766,22.802739726027397,Adults,77
Cong,88.5325741412365,22.802739726027397,Adults,77
Cond,92.6181331255453,22.802739726027397,Adults,77
CongBeta,80.5408029487089,22.802739726027397,Adults,77
CondBeta,84.0901411096044,22.802739726027397,Adults,77
Vanilla,213.441667664409,15.73972602739726,Adolescents,78
EmoQ,221.611133496455,15.73972602739726,Adolescents,78
EmoBias,222.743757196668,15.73972602739726,Adolescents,78
EmoHier,218.172935715193,15.73972602739726,Adolescents,78
EmoAvg,228.494518887983,15.73972602739726,Adolescents,78
Cong,221.902965669694,15.73972602739726,Adolescents,78
Cond,215.297096340315,15.73972602739726,Adolescents,78
CongBeta,221.193803789588,15.73972602739726,Adolescents,78
CondBeta,215.787016352401,15.73972602739726,Adolescents,78
Vanilla,259.918898703361,13.87945205479452,Adolescents,79
EmoQ,259.741062351627,13.87945205479452,Adolescents,79
EmoBias,264.920890328213,13.87945205479452,Adolescents,79
EmoHier,270.304807405143,13.87945205479452,Adolescents,79
EmoAvg,264.934019202517,13.87945205479452,Adolescents,79
Cong,266.873331895595,13.87945205479452,Adolescents,79
Cond,275.497769256032,13.87945205479452,Adolescents,79
CongBeta,266.872839615241,13.87945205479452,Adolescents,79
CondBeta,272.065796489514,13.87945205479452,Adolescents,79
Vanilla,240.593823631111,22.027397260273972,Adults,80
EmoQ,239.064325655945,22.027397260273972,Adults,80
EmoBias,245.786780483019,22.027397260273972,Adults,80
EmoHier,250.979737423806,22.027397260273972,Adults,80
EmoAvg,247.533136062758,22.027397260273972,Adults,80
Cong,248.217198888543,22.027397260273972,Adults,80
Cond,250.447705748359,22.027397260273972,Adults,80
CongBeta,250.078719485018,22.027397260273972,Adults,80
CondBeta,253.110697491193,22.027397260273972,Adults,80
Vanilla,130.504052061079,22.775342465753425,Adults,81
EmoQ,210.928374174204,22.775342465753425,Adults,81
EmoBias,160.861958005035,22.775342465753425,Adults,81
EmoHier,136.175438989564,22.775342465753425,Adults,81
EmoAvg,165.623788899933,22.775342465753425,Adults,81
Cong,136.174400103513,22.775342465753425,Adults,81
Cond,131.590680114268,22.775342465753425,Adults,81
CongBeta,137.712406681949,22.775342465753425,Adults,81
CondBeta,131.436985875291,22.775342465753425,Adults,81
Vanilla,254.918037638683,15.413698630136986,Adolescents,82
EmoQ,246.711900760769,15.413698630136986,Adolescents,82
EmoBias,251.930275346613,15.413698630136986,Adolescents,82
EmoHier,252.947008530046,15.413698630136986,Adolescents,82
EmoAvg,248.90892063332,15.413698630136986,Adolescents,82
Cong,260.708282319822,15.413698630136986,Adolescents,82
Cond,264.979711517601,15.413698630136986,Adolescents,82
CongBeta,259.946277876826,15.413698630136986,Adolescents,82
CondBeta,263.228335924375,15.413698630136986,Adolescents,82
Vanilla,187.09679424415,16.794520547945204,Adolescents,83
EmoQ,194.150232367705,16.794520547945204,Adolescents,83
EmoBias,191.206636097798,16.794520547945204,Adolescents,83
EmoHier,197.482708017514,16.794520547945204,Adolescents,83
EmoAvg,194.654363624593,16.794520547945204,Adolescents,83
Cong,189.243577458271,16.794520547945204,Adolescents,83
Cond,193.058379832284,16.794520547945204,Adolescents,83
CongBeta,189.731048332083,16.794520547945204,Adolescents,83
CondBeta,193.904472692578,16.794520547945204,Adolescents,83
Vanilla,257.60435537799,15.123287671232877,Adolescents,84
EmoQ,218.996612227691,15.123287671232877,Adolescents,84
EmoBias,216.478969817291,15.123287671232877,Adolescents,84
EmoHier,223.263472209536,15.123287671232877,Adolescents,84
EmoAvg,221.316666597792,15.123287671232877,Adolescents,84
Cong,270.304812405142,15.123287671232877,Adolescents,84
Cond,271.556972378176,15.123287671232877,Adolescents,84
CongBeta,247.802916578373,15.123287671232877,Adolescents,84
CondBeta,250.339287190813,15.123287671232877,Adolescents,84
Vanilla,259.44226264734,17.068493150684933,Adolescents,85
EmoQ,259.101768816543,17.068493150684933,Adolescents,85
EmoBias,264.107514338527,17.068493150684933,Adolescents,85
EmoHier,266.881033781155,17.068493150684933,Adolescents,85
EmoAvg,261.371952743732,17.068493150684933,Adolescents,85
Cong,268.832481603155,17.068493150684933,Adolescents,85
Cond,274.025437986124,17.068493150684933,Adolescents,85
CongBeta,268.842128708215,17.068493150684933,Adolescents,85
CondBeta,274.134618101488,17.068493150684933,Adolescents,85
Vanilla,176.95971137998,15.75890410958904,Adolescents,86
EmoQ,187.704692299694,15.75890410958904,Adolescents,86
EmoBias,188.272253891293,15.75890410958904,Adolescents,86
EmoHier,183.704317772197,15.75890410958904,Adolescents,86
EmoAvg,194.514434507721,15.75890410958904,Adolescents,86
Cong,182.066400676051,15.75890410958904,Adolescents,86
Cond,185.114646662537,15.75890410958904,Adolescents,86
CongBeta,182.385957223503,15.75890410958904,Adolescents,86
CondBeta,187.559148916329,15.75890410958904,Adolescents,86
Vanilla,199.5679145191,15.756164383561645,Adolescents,87
EmoQ,212.674913664311,15.756164383561645,Adolescents,87
EmoBias,210.211782440111,15.756164383561645,Adolescents,87
EmoHier,214.195732785606,15.756164383561645,Adolescents,87
EmoAvg,219.400540758324,15.756164383561645,Adolescents,87
Cong,208.093286957591,15.756164383561645,Adolescents,87
Cond,208.646352151878,15.756164383561645,Adolescents,87
CongBeta,206.98428527792,15.756164383561645,Adolescents,87
CondBeta,212.124149210452,15.756164383561645,Adolescents,87
Vanilla,121.273549928036,16.695890410958903,Adolescents,88
EmoQ,176.715671585898,16.695890410958903,Adolescents,88
EmoBias,145.627627144302,16.695890410958903,Adolescents,88
EmoHier,131.659463850917,16.695890410958903,Adolescents,88
EmoAvg,172.43534626512,16.695890410958903,Adolescents,88
Cong,119.165292442725,16.695890410958903,Adolescents,88
Cond,123.248540243937,16.695890410958903,Adolescents,88
CongBeta,122.579317864409,16.695890410958903,Adolescents,88
CondBeta,126.105268517917,16.695890410958903,Adolescents,88
Vanilla,158.609261014464,16.654794520547945,Adolescents,89
EmoQ,177.805334610694,16.654794520547945,Adolescents,89
EmoBias,163.843980471006,16.654794520547945,Adolescents,89
EmoHier,169.018761004762,16.654794520547945,Adolescents,89
EmoAvg,163.926036187734,16.654794520547945,Adolescents,89
Cong,168.241267120931,16.654794520547945,Adolescents,89
Cond,172.722489115157,16.654794520547945,Adolescents,89
CongBeta,168.202922801984,16.654794520547945,Adolescents,89
CondBeta,172.867147907991,16.654794520547945,Adolescents,89
Vanilla,259.918898703361,11.575342465753424,Children,90
EmoQ,250.117807311443,11.575342465753424,Children,90
EmoBias,238.890132568643,11.575342465753424,Children,90
EmoHier,239.925053176791,11.575342465753424,Children,90
EmoAvg,250.276602712227,11.575342465753424,Children,90
Cong,228.320663220117,11.575342465753424,Children,90
Cond,217.263780836921,11.575342465753424,Children,90
CongBeta,234.999323016292,11.575342465753424,Children,90
CondBeta,214.575747055265,11.575342465753424,Children,90
Vanilla,244.832597260831,13.164383561643836,Adolescents,91
EmoQ,243.129059215046,13.164383561643836,Adolescents,91
EmoBias,247.484161420345,13.164383561643836,Adolescents,91
EmoHier,246.710821189113,13.164383561643836,Adolescents,91
EmoAvg,249.118897221769,13.164383561643836,Adolescents,91
Cong,248.524410537704,13.164383561643836,Adolescents,91
Cond,232.940470839829,13.164383561643836,Adolescents,91
CongBeta,246.362690429911,13.164383561643836,Adolescents,91
CondBeta,233.737356270397,13.164383561643836,Adolescents,91
Vanilla,135.983023518888,17.068493150684933,Adolescents,92
EmoQ,193.236914259098,17.068493150684933,Adolescents,92
EmoBias,179.242084770987,17.068493150684933,Adolescents,92
EmoHier,147.61132419735,17.068493150684933,Adolescents,92
EmoAvg,169.119854335664,17.068493150684933,Adolescents,92
Cong,138.383172235703,17.068493150684933,Adolescents,92
Cond,142.468398126392,17.068493150684933,Adolescents,92
CongBeta,139.95503494751,17.068493150684933,Adolescents,92
CondBeta,142.487327678363,17.068493150684933,Adolescents,92
Vanilla,71.6438961093855,16.578082191780823,Adolescents,93
EmoQ,109.576151672884,16.578082191780823,Adolescents,93
EmoBias,72.9713529953846,16.578082191780823,Adolescents,93
EmoHier,78.6354163109701,16.578082191780823,Adolescents,93
EmoAvg,134.657573871987,16.578082191780823,Adolescents,93
Cong,81.761725472213,16.578082191780823,Adolescents,93
Cond,77.5087249013482,16.578082191780823,Adolescents,93
CongBeta,81.4866053913899,16.578082191780823,Adolescents,93
CondBeta,85.3070073019162,16.578082191780823,Adolescents,93
Vanilla,53.3599633439714,14.076712328767124,Adolescents,94
EmoQ,191.150455430242,14.076712328767124,Adolescents,94
EmoBias,54.6825016473624,14.076712328767124,Adolescents,94
EmoHier,83.8495517937334,14.076712328767124,Adolescents,94
EmoAvg,166.441157151835,14.076712328767124,Adolescents,94
Cong,61.0938094913802,14.076712328767124,Adolescents,94
Cond,65.2249882795307,14.076712328767124,Adolescents,94
CongBeta,58.3437915387388,14.076712328767124,Adolescents,94
CondBeta,63.5367483894977,14.076712328767124,Adolescents,94
Vanilla,227.814635918608,8.07945205479452,Children,95
EmoQ,227.806679464892,8.07945205479452,Children,95
EmoBias,226.998491364989,8.07945205479452,Children,95
EmoHier,225.804767129853,8.07945205479452,Children,95
EmoAvg,201.959676832225,8.07945205479452,Children,95
Cong,188.727761397791,8.07945205479452,Children,95
Cond,193.305990070245,8.07945205479452,Children,95
CongBeta,189.683416188824,8.07945205479452,Children,95
CondBeta,194.543598400934,8.07945205479452,Children,95
Vanilla,149.326764220548,20.48493150684931,Adults,96
EmoQ,179.397013008138,20.48493150684931,Adults,96
EmoBias,168.547985411891,20.48493150684931,Adults,96
EmoHier,156.217601570866,20.48493150684931,Adults,96
EmoAvg,179.750261348308,20.48493150684931,Adults,96
Cong,157.447047288314,20.48493150684931,Adults,96
Cond,162.481078563884,20.48493150684931,Adults,96
CongBeta,157.427094222568,20.48493150684931,Adults,96
CondBeta,162.338424427575,20.48493150684931,Adults,96
Vanilla,154.877605671773,11.484931506849316,Children,97
EmoQ,204.398183657114,11.484931506849316,Children,97
EmoBias,183.765258499719,11.484931506849316,Children,97
EmoHier,160.989918516135,11.484931506849316,Children,97
EmoAvg,205.433761643013,11.484931506849316,Children,97
Cong,163.470447034542,11.484931506849316,Children,97
Cond,168.66306548407,11.484931506849316,Children,97
CongBeta,163.452468238849,11.484931506849316,Children,97
CondBeta,168.64484890074,11.484931506849316,Children,97
Vanilla,259.918898703361,10.73972602739726,Children,98
EmoQ,258.314123926025,10.73972602739726,Children,98
EmoBias,262.447953624606,10.73972602739726,Children,98
EmoHier,268.700037635165,10.73972602739726,Children,98
EmoAvg,263.286040342283,10.73972602739726,Children,98
Cong,270.304812405142,10.73972602739726,Children,98
Cond,272.435996668352,10.73972602739726,Children,98
CongBeta,267.72586891844,10.73972602739726,Children,98
CondBeta,272.697618273332,10.73972602739726,Children,98
Vanilla,259.918898703361,20.687671232876713,Adults,99
EmoQ,259.918928703384,20.687671232876713,Adults,99
EmoBias,259.36163029699,20.687671232876713,Adults,99
EmoHier,265.558856127516,20.687671232876713,Adults,99
EmoAvg,265.111856542519,20.687671232876713,Adults,99
Cong,242.35632297951,20.687671232876713,Adults,99
Cond,244.114871297416,20.687671232876713,Adults,99
CongBeta,242.509017840655,20.687671232876713,Adults,99
CondBeta,244.261882610977,20.687671232876713,Adults,99
Vanilla,136.509778605573,20.312328767123287,Adults,100
EmoQ,179.135614437109,20.312328767123287,Adults,100
EmoBias,137.344006375187,20.312328767123287,Adults,100
EmoHier,145.674274109593,20.312328767123287,Adults,100
EmoAvg,155.104963497911,20.312328767123287,Adults,100
Cong,142.099050670232,20.312328767123287,Adults,100
Cond,147.212466617185,20.312328767123287,Adults,100
CongBeta,141.266907975971,20.312328767123287,Adults,100
CondBeta,146.196348226389,20.312328767123287,Adults,100
Vanilla,255.382560809397,10.38082191780822,Children,101
EmoQ,194.179957647186,10.38082191780822,Children,101
EmoBias,194.56515444715,10.38082191780822,Children,101
EmoHier,208.872999892354,10.38082191780822,Children,101
EmoAvg,199.446523636413,10.38082191780822,Children,101
Cong,248.083215803033,10.38082191780822,Children,101
Cond,253.187719439621,10.38082191780822,Children,101
CongBeta,243.991900557826,10.38082191780822,Children,101
CondBeta,248.843879198728,10.38082191780822,Children,101
Vanilla,258.795016910036,17.22739726027397,Adolescents,102
EmoQ,259.918902703384,17.22739726027397,Adolescents,102
EmoBias,262.800373725753,17.22739726027397,Adolescents,102
EmoHier,267.153039142768,17.22739726027397,Adolescents,102
EmoAvg,262.624573695103,17.22739726027397,Adolescents,102
Cong,266.069083046738,17.22739726027397,Adolescents,102
Cond,271.046784947106,17.22739726027397,Adolescents,102
CongBeta,266.712403848772,17.22739726027397,Adolescents,102
CondBeta,270.449519325733,17.22739726027397,Adolescents,102
Vanilla,219.485030652492,10.145205479452056,Children,103
EmoQ,235.062972174228,10.145205479452056,Children,103
EmoBias,232.028353493467,10.145205479452056,Children,103
EmoHier,241.590161557728,10.145205479452056,Children,103
EmoAvg,236.783564408786,10.145205479452056,Children,103
Cong,235.23015369675,10.145205479452056,Children,103
Cond,240.333714704733,10.145205479452056,Children,103
CongBeta,229.354182380517,10.145205479452056,Children,103
CondBeta,234.544015016401,10.145205479452056,Children,103
Vanilla,227.871228852093,10.084931506849315,Children,104
EmoQ,146.538585953825,10.084931506849315,Children,104
EmoBias,161.578666319321,10.084931506849315,Children,104
EmoHier,217.449433308264,10.084931506849315,Children,104
EmoAvg,156.17460966232,10.084931506849315,Children,104
Cong,199.78709129156,10.084931506849315,Children,104
Cond,184.315238776733,10.084931506849315,Children,104
CongBeta,200.341959194468,10.084931506849315,Children,104
CondBeta,185.224232690127,10.084931506849315,Children,104
Vanilla,139.37675775132,17.23835616438356,Adolescents,105
EmoQ,175.221815537344,17.23835616438356,Adolescents,105
EmoBias,152.665782286651,17.23835616438356,Adolescents,105
EmoHier,149.762671460917,17.23835616438356,Adolescents,105
EmoAvg,157.391589451134,17.23835616438356,Adolescents,105
Cong,146.890342084016,17.23835616438356,Adolescents,105
Cond,134.610314227749,17.23835616438356,Adolescents,105
CongBeta,147.607086735032,17.23835616438356,Adolescents,105
CondBeta,137.381707204667,17.23835616438356,Adolescents,105
Vanilla,231.983927139351,12.115068493150686,Children,106
EmoQ,232.247593221993,12.115068493150686,Children,106
EmoBias,228.321173977705,12.115068493150686,Children,106
EmoHier,231.052979484056,12.115068493150686,Children,106
EmoAvg,237.160962646799,12.115068493150686,Children,106
Cong,183.088867086713,12.115068493150686,Children,106
Cond,188.246446003324,12.115068493150686,Children,106
CongBeta,182.893084915051,12.115068493150686,Children,106
CondBeta,188.086041765761,12.115068493150686,Children,106
Vanilla,73.9492538850558,18.361643835616437,Adults,107
EmoQ,104.432011753822,18.361643835616437,Adults,107
EmoBias,87.0322538141575,18.361643835616437,Adults,107
EmoHier,79.5410085735646,18.361643835616437,Adults,107
EmoAvg,120.505579192683,18.361643835616437,Adults,107
Cong,82.7455446472747,18.361643835616437,Adults,107
Cond,81.6353256892028,18.361643835616437,Adults,107
CongBeta,82.5712486468842,18.361643835616437,Adults,107
CondBeta,87.1525027425428,18.361643835616437,Adults,107
Vanilla,199.546262597934,11.90958904109589,Children,108
EmoQ,232.854757602677,11.90958904109589,Children,108
EmoBias,221.29226865537,11.90958904109589,Children,108
EmoHier,209.932176302845,11.90958904109589,Children,108
EmoAvg,232.16424560428499,11.90958904109589,Children,108
Cong,180.978760984451,11.90958904109589,Children,108
Cond,185.864787424695,11.90958904109589,Children,108
CongBeta,183.44915512857,11.90958904109589,Children,108
CondBeta,188.512395027701,11.90958904109589,Children,108
Vanilla,259.918898703361,8.202739726027398,Children,109
EmoQ,259.518601879058,8.202739726027398,Children,109
EmoBias,264.51910473596803,8.202739726027398,Children,109
EmoHier,270.104672139674,8.202739726027398,Children,109
EmoAvg,264.683789716763,8.202739726027398,Children,109
Cong,270.304812405142,8.202739726027398,Children,109
Cond,274.97611423753,8.202739726027398,Children,109
CongBeta,269.783852195206,8.202739726027398,Children,109
CondBeta,274.810543502131,8.202739726027398,Children,109
Vanilla,259.872900309666,12.101369863013698,Children,110
EmoQ,258.881140094849,12.101369863013698,Children,110
EmoBias,264.079326754633,12.101369863013698,Children,110
EmoHier,268.963740437682,12.101369863013698,Children,110
EmoAvg,261.740448324423,12.101369863013698,Children,110
Cong,270.304812405142,12.101369863013698,Children,110
Cond,275.497769256032,12.101369863013698,Children,110
CongBeta,267.871465290736,12.101369863013698,Children,110
CondBeta,272.94831842028,12.101369863013698,Children,110
Vanilla,259.918898703361,10.2,Children,111
EmoQ,257.059278489824,10.2,Children,111
EmoBias,262.24673566823,10.2,Children,111
EmoHier,270.304796405164,10.2,Children,111
EmoAvg,261.830664480761,10.2,Children,111
Cong,270.304812405142,10.2,Children,111
Cond,275.497769256032,10.2,Children,111
CongBeta,269.429985166021,10.2,Children,111
CondBeta,274.774425545847,10.2,Children,111
Vanilla,259.918898703361,10.9013698630137,Children,112
EmoQ,259.918900703384,10.9013698630137,Children,112
EmoBias,265.111857554254,10.9013698630137,Children,112
EmoHier,269.538259405756,10.9013698630137,Children,112
EmoAvg,263.11384751175,10.9013698630137,Children,112
Cong,270.304812405142,10.9013698630137,Children,112
Cond,275.497769256032,10.9013698630137,Children,112
CongBeta,269.004099292558,10.9013698630137,Children,112
CondBeta,273.949227429752,10.9013698630137,Children,112
Vanilla,178.667263028998,17.345205479452055,Adolescents,113
EmoQ,210.666420750817,17.345205479452055,Adolescents,113
EmoBias,200.32371759409,17.345205479452055,Adolescents,113
EmoHier,231.124085066631,17.345205479452055,Adolescents,113
EmoAvg,224.325229199464,17.345205479452055,Adolescents,113
Cong,175.027995118298,17.345205479452055,Adolescents,113
Cond,178.902891212786,17.345205479452055,Adolescents,113
CongBeta,176.503793993777,17.345205479452055,Adolescents,113
CondBeta,179.578668019553,17.345205479452055,Adolescents,113
Vanilla,182.44348611445,18.106849315068494,Adults,114
EmoQ,171.884093705512,18.106849315068494,Adults,114
EmoBias,171.826697413584,18.106849315068494,Adults,114
EmoHier,190.337743669902,18.106849315068494,Adults,114
EmoAvg,172.342723633942,18.106849315068494,Adults,114
Cong,178.148266369792,18.106849315068494,Adults,114
Cond,180.707451511312,18.106849315068494,Adults,114
CongBeta,178.303865568446,18.106849315068494,Adults,114
CondBeta,182.372073571163,18.106849315068494,Adults,114
Vanilla,259.918898703361,11.07945205479452,Children,115
EmoQ,252.605197159172,11.07945205479452,Children,115
EmoBias,257.798126961163,11.07945205479452,Children,115
EmoHier,262.866116658588,11.07945205479452,Children,115
EmoAvg,259.14309632689,11.07945205479452,Children,115
Cong,264.565998530223,11.07945205479452,Children,115
Cond,269.462202593925,11.07945205479452,Children,115
CongBeta,265.46784616121,11.07945205479452,Children,115
CondBeta,265.031697678507,11.07945205479452,Children,115
Vanilla,213.312518750339,11.186301369863012,Children,116
EmoQ,221.808632975265,11.186301369863012,Children,116
EmoBias,181.823564443841,11.186301369863012,Children,116
EmoHier,217.075856564579,11.186301369863012,Children,116
EmoAvg,233.749552870479,11.186301369863012,Children,116
Cong,208.573058562466,11.186301369863012,Children,116
Cond,204.825727505924,11.186301369863012,Children,116
CongBeta,209.202691545929,11.186301369863012,Children,116
CondBeta,201.872301500447,11.186301369863012,Children,116
Vanilla,259.918898703361,17.934246575342467,Adolescents,117
EmoQ,249.724956495643,17.934246575342467,Adolescents,117
EmoBias,254.917913346549,17.934246575342467,Adolescents,117
EmoHier,268.183486247639,17.934246575342467,Adolescents,117
EmoAvg,254.917913346528,17.934246575342467,Adolescents,117
Cong,270.304812405142,17.934246575342467,Adolescents,117
Cond,269.7802115146,17.934246575342467,Adolescents,117
CongBeta,265.457161246445,17.934246575342467,Adolescents,117
CondBeta,270.336732254318,17.934246575342467,Adolescents,117
Vanilla,109.988685416594,19.167123287671235,Adults,118
EmoQ,111.698231529487,19.167123287671235,Adults,118
EmoBias,127.332059400411,19.167123287671235,Adults,118
EmoHier,139.803194205698,19.167123287671235,Adults,118
EmoAvg,145.789774587759,19.167123287671235,Adults,118
Cong,119.035955888211,19.167123287671235,Adults,118
Cond,108.310637435859,19.167123287671235,Adults,118
CongBeta,111.079823578601,19.167123287671235,Adults,118
CondBeta,103.606466735346,19.167123287671235,Adults,118
Vanilla,71.129885805801,19.46849315068493,Adults,119
EmoQ,189.164733297614,19.46849315068493,Adults,119
EmoBias,86.9684310422291,19.46849315068493,Adults,119
EmoHier,91.0738367457176,19.46849315068493,Adults,119
EmoAvg,135.081153299664,19.46849315068493,Adults,119
Cong,80.4626142713323,19.46849315068493,Adults,119
Cond,81.0384319189199,19.46849315068493,Adults,119
CongBeta,80.9513201836547,19.46849315068493,Adults,119
CondBeta,83.0076385169652,19.46849315068493,Adults,119
Vanilla,259.918898703361,8.038356164383561,Children,120
EmoQ,259.918930703384,8.038356164383561,Children,120
EmoBias,265.111860554254,8.038356164383561,Children,120
EmoHier,267.785794515991,8.038356164383561,Children,120
EmoAvg,262.182689162633,8.038356164383561,Children,120
Cong,255.265454407626,8.038356164383561,Children,120
Cond,260.395489370189,8.038356164383561,Children,120
CongBeta,255.265455527975,8.038356164383561,Children,120
CondBeta,260.40141408618,8.038356164383561,Children,120
Vanilla,253.681762479686,18.39178082191781,Adults,121
EmoQ,204.803088182651,18.39178082191781,Adults,121
EmoBias,194.896624420385,18.39178082191781,Adults,121
EmoHier,211.882984678203,18.39178082191781,Adults,121
EmoAvg,202.613817105528,18.39178082191781,Adults,121
Cong,233.579192586653,18.39178082191781,Adults,121
Cond,232.267827285039,18.39178082191781,Adults,121
CongBeta,231.392577148735,18.39178082191781,Adults,121
CondBeta,233.108358929663,18.39178082191781,Adults,121
