Model,Pseudor_Value,ExactAge,AgeGroup,StudyID
Random,-124.76649250079,20.904109589041095,Adults,1
Vanilla,0.277489601101815,20.904109589041095,Adults,1
EmoQ,0.286967944086044,20.904109589041095,Adults,1
EmoBias,0.299258035995406,20.904109589041095,Adults,1
EmoHier,0.252907652801135,20.904109589041095,Adults,1
EmoAvg,0.294582696519155,20.904109589041095,Adults,1
Cong,0.292321437734503,20.904109589041095,Adults,1
Cond,0.341271407519799,20.904109589041095,Adults,1
CongBeta,0.304435319245941,20.904109589041095,Adults,1
CondBeta,0.328391959821923,20.904109589041095,Adults,1
Random,-124.76649250079,20.23835616438356,Adults,2
Vanilla,-1.77635683940025e-15,20.23835616438356,Adults,2
EmoQ,0.191577976592463,20.23835616438356,Adults,2
EmoBias,0.0408520829727061,20.23835616438356,Adults,2
EmoHier,0.134164980110181,20.23835616438356,Adults,2
EmoAvg,0.163641144385198,20.23835616438356,Adults,2
Cong,0.184729981458551,20.23835616438356,Adults,2
Cond,0.26134293336456,20.23835616438356,Adults,2
CongBeta,0.168586515061128,20.23835616438356,Adults,2
CondBeta,0.249532714919776,20.23835616438356,Adults,2
Random,-124.76649250079,20.427397260273978,Adults,3
Vanilla,0.215948633954306,20.427397260273978,Adults,3
EmoQ,0.689302157244719,20.427397260273978,Adults,3
EmoBias,0.734154171177031,20.427397260273978,Adults,3
EmoHier,0.405024588923472,20.427397260273978,Adults,3
EmoAvg,0.768111490997623,20.427397260273978,Adults,3
Cong,0.484730205448153,20.427397260273978,Adults,3
Cond,0.487079891266324,20.427397260273978,Adults,3
CongBeta,0.508601246575885,20.427397260273978,Adults,3
CondBeta,0.536046627821864,20.427397260273978,Adults,3
Random,-124.76649250079,20.643835616438356,Adults,4
Vanilla,0.412560680801524,20.643835616438356,Adults,4
EmoQ,0.331785734921775,20.643835616438356,Adults,4
EmoBias,0.345016972525981,20.643835616438356,Adults,4
EmoHier,0.412560678676637,20.643835616438356,Adults,4
EmoAvg,0.356902124965439,20.643835616438356,Adults,4
Cong,0.430359905376079,20.643835616438356,Adults,4
Cond,0.483449449567249,20.643835616438356,Adults,4
CongBeta,0.427380545363587,20.643835616438356,Adults,4
CondBeta,0.480479548803009,20.643835616438356,Adults,4
Random,-124.76649250079,21.005479452054793,Adults,5
Vanilla,-1.77635683940025e-15,21.005479452054793,Adults,5
EmoQ,0.0217712976002797,21.005479452054793,Adults,5
EmoBias,0.0217712976003367,21.005479452054793,Adults,5
EmoHier,0.0023264202234855,21.005479452054793,Adults,5
EmoAvg,0.0217712976002746,21.005479452054793,Adults,5
Cong,0.0275640895979177,21.005479452054793,Adults,5
Cond,0.0275640897338847,21.005479452054793,Adults,5
CongBeta,0.0275640713717873,21.005479452054793,Adults,5
CondBeta,0.0275640711565196,21.005479452054793,Adults,5
Random,-124.76649250079,19.183561643835617,Adults,6
Vanilla,0.404968854962875,19.183561643835617,Adults,6
EmoQ,0.251804093106085,19.183561643835617,Adults,6
EmoBias,0.428610094913095,19.183561643835617,Adults,6
EmoHier,0.404968854962511,19.183561643835617,Adults,6
EmoAvg,0.274466656075642,19.183561643835617,Adults,6
Cong,0.422063151753759,19.183561643835617,Adults,6
Cond,0.422170459615059,19.183561643835617,Adults,6
CongBeta,0.418012104947304,19.183561643835617,Adults,6
CondBeta,0.41817412194697,19.183561643835617,Adults,6
Random,-124.76649250079,18.117808219178084,Adults,7
Vanilla,-1.77635683940025e-15,18.117808219178084,Adults,7
EmoQ,0.0114598886135504,18.117808219178084,Adults,7
EmoBias,0.02971844886375,18.117808219178084,Adults,7
EmoHier,0.0201936800824427,18.117808219178084,Adults,7
EmoAvg,0.0118731251191191,18.117808219178084,Adults,7
Cong,-1.77635683940025e-15,18.117808219178084,Adults,7
Cond,0.0143738472399944,18.117808219178084,Adults,7
CongBeta,0.0111035574500441,18.117808219178084,Adults,7
CondBeta,0.0145834554314864,18.117808219178084,Adults,7
Random,-124.76649250079,19.03835616438356,Adults,8
Vanilla,-1.77635683940025e-15,19.03835616438356,Adults,8
EmoQ,0.285305778342446,19.03835616438356,Adults,8
EmoBias,0.248370832612136,19.03835616438356,Adults,8
EmoHier,0.248370832538534,19.03835616438356,Adults,8
EmoAvg,0.249085398837274,19.03835616438356,Adults,8
Cong,0.113961338522567,19.03835616438356,Adults,8
Cond,0.306122917960884,19.03835616438356,Adults,8
CongBeta,0.111335714705403,19.03835616438356,Adults,8
CondBeta,0.306905294228017,19.03835616438356,Adults,8
Random,-124.76649250079,18.471232876712328,Adults,9
Vanilla,0.0180294439798094,18.471232876712328,Adults,9
EmoQ,0.0440124649771153,18.471232876712328,Adults,9
EmoBias,0.0610328639134891,18.471232876712328,Adults,9
EmoHier,0.0440949347358797,18.471232876712328,Adults,9
EmoAvg,0.0457150599984926,18.471232876712328,Adults,9
Cong,0.0513362025933892,18.471232876712328,Adults,9
Cond,0.0513362027231328,18.471232876712328,Adults,9
CongBeta,0.0499473025259338,18.471232876712328,Adults,9
CondBeta,0.0499473025236048,18.471232876712328,Adults,9
Random,-124.76649250079,20.361643835616437,Adults,10
Vanilla,0.0495794562513092,20.361643835616437,Adults,10
EmoQ,0.100445197183772,20.361643835616437,Adults,10
EmoBias,0.0648696488275328,20.361643835616437,Adults,10
EmoHier,0.112178016696826,20.361643835616437,Adults,10
EmoAvg,0.0626674685469706,20.361643835616437,Adults,10
Cong,0.140357167922737,20.361643835616437,Adults,10
Cond,0.208239892337901,20.361643835616437,Adults,10
CongBeta,0.140491568757415,20.361643835616437,Adults,10
CondBeta,0.205793507978135,20.361643835616437,Adults,10
Random,-124.76649250079,20.676712328767124,Adults,11
Vanilla,0.0362290405628924,20.676712328767124,Adults,11
EmoQ,0.0775016569489427,20.676712328767124,Adults,11
EmoBias,0.0828259183773683,20.676712328767124,Adults,11
EmoHier,0.0359816991575481,20.676712328767124,Adults,11
EmoAvg,0.0943877797784646,20.676712328767124,Adults,11
Cong,-1.77635683940025e-15,20.676712328767124,Adults,11
Cond,-1.77635683940025e-15,20.676712328767124,Adults,11
CongBeta,0.03697226110074,20.676712328767124,Adults,11
CondBeta,0.0581533351143612,20.676712328767124,Adults,11
Random,-124.76649250079,14.942465753424658,Adolescents,12
Vanilla,0.0260748613985495,14.942465753424658,Adolescents,12
EmoQ,0.0853237432273829,14.942465753424658,Adolescents,12
EmoBias,0.179235225202318,14.942465753424658,Adolescents,12
EmoHier,0.0741398154574596,14.942465753424658,Adolescents,12
EmoAvg,0.0311715703765608,14.942465753424658,Adolescents,12
Cong,0.388138584398076,14.942465753424658,Adolescents,12
Cond,0.390697940699393,14.942465753424658,Adolescents,12
CongBeta,0.388138546626809,14.942465753424658,Adolescents,12
CondBeta,0.391225529091804,14.942465753424658,Adolescents,12
Random,-124.76649250079,20.65205479452055,Adults,13
Vanilla,-1.77635683940025e-15,20.65205479452055,Adults,13
EmoQ,-2.00375429582067e-8,20.65205479452055,Adults,13
EmoBias,-2.00374441483575e-8,20.65205479452055,Adults,13
EmoHier,0.00598564885385977,20.65205479452055,Adults,13
EmoAvg,-8.014982455506471e-9,20.65205479452055,Adults,13
Cong,-1.77635683940025e-15,20.65205479452055,Adults,13
Cond,0.0168359780297775,20.65205479452055,Adults,13
CongBeta,0.0158597273981579,20.65205479452055,Adults,13
CondBeta,0.0166262550423496,20.65205479452055,Adults,13
Random,-124.76649250079,13.69041095890411,Adolescents,16
Vanilla,0.061796025019117,13.69041095890411,Adolescents,16
EmoQ,0.174988789175819,13.69041095890411,Adolescents,16
EmoBias,0.184159815195503,13.69041095890411,Adolescents,16
EmoHier,0.140109746642484,13.69041095890411,Adolescents,16
EmoAvg,0.203634039498062,13.69041095890411,Adolescents,16
Cong,0.127588749713912,13.69041095890411,Adolescents,16
Cond,0.141977762536938,13.69041095890411,Adolescents,16
CongBeta,0.128219699874596,13.69041095890411,Adolescents,16
CondBeta,0.142622086359623,13.69041095890411,Adolescents,16
Random,-124.76649250079,19.813698630136987,Adults,14
Vanilla,0.00102964606519496,19.813698630136987,Adults,14
EmoQ,-8.01506550018871e-9,19.813698630136987,Adults,14
EmoBias,-6.221007931017651e-9,19.813698630136987,Adults,14
EmoHier,0.0067038706776934,19.813698630136987,Adults,14
EmoAvg,-4.0075092133662305e-9,19.813698630136987,Adults,14
Cong,0.00322673222824288,19.813698630136987,Adults,14
Cond,-1.77635683940025e-15,19.813698630136987,Adults,14
CongBeta,0.003949849703207,19.813698630136987,Adults,14
CondBeta,0.00451714221745336,19.813698630136987,Adults,14
Random,-124.76649250079,13.336986301369864,Adolescents,15
Vanilla,0.0418269782266749,13.336986301369864,Adolescents,15
EmoQ,0.0647218796617124,13.336986301369864,Adolescents,15
EmoBias,0.0558690241734019,13.336986301369864,Adolescents,15
EmoHier,0.149089968505543,13.336986301369864,Adolescents,15
EmoAvg,0.141483784474109,13.336986301369864,Adolescents,15
Cong,0.0538132943655588,13.336986301369864,Adolescents,15
Cond,0.0713340146379383,13.336986301369864,Adolescents,15
CongBeta,0.0710678825600958,13.336986301369864,Adolescents,15
CondBeta,0.0865364217549968,13.336986301369864,Adolescents,15
Random,-124.76649250079,18.676712328767124,Adults,17
Vanilla,0.796727116923426,18.676712328767124,Adults,17
EmoQ,0.736159536694023,18.676712328767124,Adults,17
EmoBias,0.831306209145113,18.676712328767124,Adults,17
EmoHier,0.721602585057212,18.676712328767124,Adults,17
EmoAvg,0.692108192539425,18.676712328767124,Adults,17
Cong,0.812089034926338,18.676712328767124,Adults,17
Cond,0.825080202837263,18.676712328767124,Adults,17
CongBeta,0.805610580915807,18.676712328767124,Adults,17
CondBeta,0.827352426419273,18.676712328767124,Adults,17
Random,-124.76649250079,18.273972602739725,Adults,18
Vanilla,0.135609168804911,18.273972602739725,Adults,18
EmoQ,0.10697860886272,18.273972602739725,Adults,18
EmoBias,0.130400023806246,18.273972602739725,Adults,18
EmoHier,0.16038866766705,18.273972602739725,Adults,18
EmoAvg,0.136501395066172,18.273972602739725,Adults,18
Cong,0.155865520524613,18.273972602739725,Adults,18
Cond,0.162602645324592,18.273972602739725,Adults,18
CongBeta,0.153466338981036,18.273972602739725,Adults,18
CondBeta,0.157245236504238,18.273972602739725,Adults,18
Random,-124.76649250079,19.027397260273972,Adults,19
Vanilla,0.163222367508219,19.027397260273972,Adults,19
EmoQ,0.14705558600993,19.027397260273972,Adults,19
EmoBias,0.161747871194662,19.027397260273972,Adults,19
EmoHier,0.17351125657324,19.027397260273972,Adults,19
EmoAvg,0.151656483929886,19.027397260273972,Adults,19
Cong,0.170487941253621,19.027397260273972,Adults,19
Cond,0.185300023418149,19.027397260273972,Adults,19
CongBeta,0.167515392609956,19.027397260273972,Adults,19
CondBeta,0.193555346306679,19.027397260273972,Adults,19
Random,-124.76649250079,14.178082191780822,Adolescents,20
Vanilla,1.5470846146936e-4,14.178082191780822,Adolescents,20
EmoQ,0.00765901906323185,14.178082191780822,Adolescents,20
EmoBias,0.0506371613516667,14.178082191780822,Adolescents,20
EmoHier,0.00987772935785092,14.178082191780822,Adolescents,20
EmoAvg,0.0339476336432615,14.178082191780822,Adolescents,20
Cong,0.00923168248468831,14.178082191780822,Adolescents,20
Cond,-1.77635683940025e-15,14.178082191780822,Adolescents,20
CongBeta,0.00752313945752758,14.178082191780822,Adolescents,20
CondBeta,0.0078190684728473,14.178082191780822,Adolescents,20
Random,-124.76649250079,19.731506849315068,Adults,21
Vanilla,0.171864188944745,19.731506849315068,Adults,21
EmoQ,0.110165843653625,19.731506849315068,Adults,21
EmoBias,0.276317863482661,19.731506849315068,Adults,21
EmoHier,0.205645236737172,19.731506849315068,Adults,21
EmoAvg,0.216087189760414,19.731506849315068,Adults,21
Cong,0.347096288016856,19.731506849315068,Adults,21
Cond,0.347901193034456,19.731506849315068,Adults,21
CongBeta,0.339376166973409,19.731506849315068,Adults,21
CondBeta,0.339385361072851,19.731506849315068,Adults,21
Random,-124.76649250079,19.75068493150685,Adults,22
Vanilla,0.143061096394854,19.75068493150685,Adults,22
EmoQ,0.149973929498212,19.75068493150685,Adults,22
EmoBias,0.157884686985887,19.75068493150685,Adults,22
EmoHier,0.144347778856811,19.75068493150685,Adults,22
EmoAvg,0.142963453808416,19.75068493150685,Adults,22
Cong,0.160285592456335,19.75068493150685,Adults,22
Cond,0.180587573646988,19.75068493150685,Adults,22
CongBeta,0.157758123766087,19.75068493150685,Adults,22
CondBeta,0.174659537306049,19.75068493150685,Adults,22
Random,-124.76649250079,19.91780821917808,Adults,23
Vanilla,0.692985306156097,19.91780821917808,Adults,23
EmoQ,0.535205165215489,19.91780821917808,Adults,23
EmoBias,0.627058939555148,19.91780821917808,Adults,23
EmoHier,0.711387245043366,19.91780821917808,Adults,23
EmoAvg,0.476017086390872,19.91780821917808,Adults,23
Cong,0.708535986489415,19.91780821917808,Adults,23
Cond,0.71088049378725,19.91780821917808,Adults,23
CongBeta,0.705438042234955,19.91780821917808,Adults,23
CondBeta,0.707824727956146,19.91780821917808,Adults,23
Random,-124.76649250079,14.3013698630137,Adolescents,24
Vanilla,0.0551204244151606,14.3013698630137,Adolescents,24
EmoQ,0.0777128179129578,14.3013698630137,Adolescents,24
EmoBias,0.0472167891240055,14.3013698630137,Adolescents,24
EmoHier,0.0478432239061717,14.3013698630137,Adolescents,24
EmoAvg,0.053213279446036,14.3013698630137,Adolescents,24
Cong,0.0552949220893134,14.3013698630137,Adolescents,24
Cond,0.0554110198184439,14.3013698630137,Adolescents,24
CongBeta,0.0553948151871693,14.3013698630137,Adolescents,24
CondBeta,0.0554890682038018,14.3013698630137,Adolescents,24
Random,-124.76649250079,13.082191780821915,Adolescents,25
Vanilla,0.0444609482839464,13.082191780821915,Adolescents,25
EmoQ,0.0508166680728304,13.082191780821915,Adolescents,25
EmoBias,0.06086782644023,13.082191780821915,Adolescents,25
EmoHier,0.0713678747544071,13.082191780821915,Adolescents,25
EmoAvg,0.0612502632195625,13.082191780821915,Adolescents,25
Cong,0.0535680754312942,13.082191780821915,Adolescents,25
Cond,0.053872032373413,13.082191780821915,Adolescents,25
CongBeta,0.052152214370637,13.082191780821915,Adolescents,25
CondBeta,0.052835782742635,13.082191780821915,Adolescents,25
Random,-124.76649250079,14.013698630136986,Adolescents,26
Vanilla,0.0768072929754702,14.013698630136986,Adolescents,26
EmoQ,0.0730588880628587,14.013698630136986,Adolescents,26
EmoBias,0.0721388427090468,14.013698630136986,Adolescents,26
EmoHier,0.0880235284353752,14.013698630136986,Adolescents,26
EmoAvg,0.127252057601858,14.013698630136986,Adolescents,26
Cong,-1.77635683940025e-15,14.013698630136986,Adolescents,26
Cond,0.173961505233997,14.013698630136986,Adolescents,26
CongBeta,0.169210489148786,14.013698630136986,Adolescents,26
CondBeta,0.174733923945272,14.013698630136986,Adolescents,26
Random,-124.76649250079,12.227397260273971,Children,27
Vanilla,-1.77635683940025e-15,12.227397260273971,Children,27
EmoQ,-4.80899269295065e-8,12.227397260273971,Children,27
EmoBias,0.00191583541557561,12.227397260273971,Children,27
EmoHier,0.0102560960665431,12.227397260273971,Children,27
EmoAvg,3.03783070420005e-5,12.227397260273971,Children,27
Cong,-1.77635683940025e-15,12.227397260273971,Children,27
Cond,-1.77635683940025e-15,12.227397260273971,Children,27
CongBeta,0.0162007367189531,12.227397260273971,Children,27
CondBeta,0.0162189670918946,12.227397260273971,Children,27
Random,-124.76649250079,14.106849315068493,Adolescents,28
Vanilla,0.117030762138418,14.106849315068493,Adolescents,28
EmoQ,0.0823187828617407,14.106849315068493,Adolescents,28
EmoBias,0.108865502032723,14.106849315068493,Adolescents,28
EmoHier,0.118735384712941,14.106849315068493,Adolescents,28
EmoAvg,0.0832286141000327,14.106849315068493,Adolescents,28
Cong,0.154057331806418,14.106849315068493,Adolescents,28
Cond,0.170278953125062,14.106849315068493,Adolescents,28
CongBeta,0.15280931475882,14.106849315068493,Adolescents,28
CondBeta,0.168048995244729,14.106849315068493,Adolescents,28
Random,-124.76649250079,15.205479452054794,Adolescents,29
Vanilla,-1.77635683940025e-15,15.205479452054794,Adolescents,29
EmoQ,-8.01506305769806e-9,15.205479452054794,Adolescents,29
EmoBias,0.00368306948897235,15.205479452054794,Adolescents,29
EmoHier,0.0108389099733396,15.205479452054794,Adolescents,29
EmoAvg,0.00265069127718542,15.205479452054794,Adolescents,29
Cong,0.0131497959266006,15.205479452054794,Adolescents,29
Cond,0.0195704825987759,15.205479452054794,Adolescents,29
CongBeta,0.0135354370784638,15.205479452054794,Adolescents,29
CondBeta,0.0182502616765871,15.205479452054794,Adolescents,29
Random,-124.76649250079,12.652054794520549,Children,30
Vanilla,-1.77635683940025e-15,12.652054794520549,Children,30
EmoQ,-4.00749544660073e-8,12.652054794520549,Children,30
EmoBias,-3.20599027325841e-8,12.652054794520549,Children,30
EmoHier,-1.77635683940025e-15,12.652054794520549,Children,30
EmoAvg,-4.00749966544822e-9,12.652054794520549,Children,30
Cong,-1.77635683940025e-15,12.652054794520549,Children,30
Cond,-1.77635683940025e-15,12.652054794520549,Children,30
CongBeta,-1.77635683940025e-15,12.652054794520549,Children,30
CondBeta,2.05267119279817e-6,12.652054794520549,Children,30
Random,-124.76649250079,14.41917808219178,Adolescents,31
Vanilla,0.266494758334036,14.41917808219178,Adolescents,31
EmoQ,0.194099708396947,14.41917808219178,Adolescents,31
EmoBias,0.197633525971522,14.41917808219178,Adolescents,31
EmoHier,0.263865498329943,14.41917808219178,Adolescents,31
EmoAvg,0.27470431429205,14.41917808219178,Adolescents,31
Cong,0.344549042405092,14.41917808219178,Adolescents,31
Cond,0.353232020042328,14.41917808219178,Adolescents,31
CongBeta,0.324490984561246,14.41917808219178,Adolescents,31
CondBeta,0.332456178060172,14.41917808219178,Adolescents,31
Random,-124.76649250079,13.868493150684932,Adolescents,32
Vanilla,0.00555555555555387,13.868493150684932,Adolescents,32
EmoQ,0.0468178402023898,13.868493150684932,Adolescents,32
EmoBias,0.0409604668179979,13.868493150684932,Adolescents,32
EmoHier,0.0774687398112873,13.868493150684932,Adolescents,32
EmoAvg,0.0544567857736322,13.868493150684932,Adolescents,32
Cong,0.0449794125709481,13.868493150684932,Adolescents,32
Cond,0.062121613407214,13.868493150684932,Adolescents,32
CongBeta,0.0535707090091029,13.868493150684932,Adolescents,32
CondBeta,0.0590025664491169,13.868493150684932,Adolescents,32
Random,-124.76649250079,11.178082191780822,Children,33
Vanilla,-1.77635683940025e-15,11.178082191780822,Children,33
EmoQ,0.188214895893599,11.178082191780822,Children,33
EmoBias,0.19140579692914,11.178082191780822,Children,33
EmoHier,0.188214895893583,11.178082191780822,Children,33
EmoAvg,0.188806042663553,11.178082191780822,Children,33
Cong,0.137679997679445,11.178082191780822,Children,33
Cond,0.137679997678603,11.178082191780822,Children,33
CongBeta,0.137679989100452,11.178082191780822,Children,33
CondBeta,0.137679989104284,11.178082191780822,Children,33
Random,-124.76649250079,12.465753424657532,Children,34
Vanilla,-1.77635683940025e-15,12.465753424657532,Children,34
EmoQ,0.0352827406316768,12.465753424657532,Children,34
EmoBias,0.0324781267515726,12.465753424657532,Children,34
EmoHier,0.0391090335872726,12.465753424657532,Children,34
EmoAvg,0.0659472615485671,12.465753424657532,Children,34
Cong,0.0148252433673857,12.465753424657532,Children,34
Cond,0.0112312748510386,12.465753424657532,Children,34
CongBeta,-1.5543122344752201e-15,12.465753424657532,Children,34
CondBeta,0.0207844249768486,12.465753424657532,Children,34
Random,-124.76649250079,8.704109589041096,Children,35
Vanilla,0.205798612967444,8.704109589041096,Children,35
EmoQ,0.165525519783745,8.704109589041096,Children,35
EmoBias,0.214147790107764,8.704109589041096,Children,35
EmoHier,0.229526923744993,8.704109589041096,Children,35
EmoAvg,0.199630073714941,8.704109589041096,Children,35
Cong,0.219899900783714,8.704109589041096,Children,35
Cond,0.241558900895117,8.704109589041096,Children,35
CongBeta,0.21189419139893,8.704109589041096,Children,35
CondBeta,0.218688832733069,8.704109589041096,Children,35
Random,-124.76649250079,8.073972602739726,Children,36
Vanilla,-1.77635683940025e-15,8.073972602739726,Children,36
EmoQ,0.00176618878701451,8.073972602739726,Children,36
EmoBias,0.0012557377078789,8.073972602739726,Children,36
EmoHier,0.0043814771924312,8.073972602739726,Children,36
EmoAvg,0.00463182754192237,8.073972602739726,Children,36
Cong,0.0177185726319471,8.073972602739726,Children,36
Cond,0.0177185722668816,8.073972602739726,Children,36
CongBeta,0.017691177904216,8.073972602739726,Children,36
CondBeta,0.017691177895382,8.073972602739726,Children,36
Random,-124.76649250079,8.942465753424658,Children,37
Vanilla,-1.77635683940025e-15,8.942465753424658,Children,37
EmoQ,-1.60300612783715e-8,8.942465753424658,Children,37
EmoBias,-2.52095144759323e-9,8.942465753424658,Children,37
EmoHier,-1.77635683940025e-15,8.942465753424658,Children,37
EmoAvg,8.8047875555463e-4,8.942465753424658,Children,37
Cong,-1.77635683940025e-15,8.942465753424658,Children,37
Cond,-1.77635683940025e-15,8.942465753424658,Children,37
CongBeta,0.00369745083814543,8.942465753424658,Children,37
CondBeta,0.00522054230757285,8.942465753424658,Children,37
Random,-124.76649250079,9.035616438356165,Children,38
Vanilla,-1.77635683940025e-15,9.035616438356165,Children,38
EmoQ,-1.60300372975541e-8,9.035616438356165,Children,38
EmoBias,0.00590391583547778,9.035616438356165,Children,38
EmoHier,0.00687216061848006,9.035616438356165,Children,38
EmoAvg,-1.95504279432157e-9,9.035616438356165,Children,38
Cong,0.00851077552316959,9.035616438356165,Children,38
Cond,0.00887738001673888,9.035616438356165,Children,38
CongBeta,0.00879276223299241,9.035616438356165,Children,38
CondBeta,0.00274500799770605,9.035616438356165,Children,38
Random,-124.76649250079,9.465753424657532,Children,39
Vanilla,-1.77635683940025e-15,9.465753424657532,Children,39
EmoQ,0.00285353267397848,9.465753424657532,Children,39
EmoBias,0.00842561647581297,9.465753424657532,Children,39
EmoHier,3.20597968173075e-8,9.465753424657532,Children,39
EmoAvg,0.00285353267395916,9.465753424657532,Children,39
Cong,-1.77635683940025e-15,9.465753424657532,Children,39
Cond,-1.77635683940025e-15,9.465753424657532,Children,39
CongBeta,0.0159642036245262,9.465753424657532,Children,39
CondBeta,0.0159642036245335,9.465753424657532,Children,39
Random,-124.76649250079,9.657534246575343,Children,40
Vanilla,0.0393399760636304,9.657534246575343,Children,40
EmoQ,0.0370543812101963,9.657534246575343,Children,40
EmoBias,0.0631930225961354,9.657534246575343,Children,40
EmoHier,0.0573407451607886,9.657534246575343,Children,40
EmoAvg,0.0667048206168213,9.657534246575343,Children,40
Cong,0.0718840123838729,9.657534246575343,Children,40
Cond,0.0806137838625446,9.657534246575343,Children,40
CongBeta,0.0810901919315036,9.657534246575343,Children,40
CondBeta,0.0822112720940844,9.657534246575343,Children,40
Random,-124.76649250079,8.67123287671233,Children,41
Vanilla,-1.77635683940025e-15,8.67123287671233,Children,41
EmoQ,-2.40450093169642e-8,8.67123287671233,Children,41
EmoBias,0.00426433015389294,8.67123287671233,Children,41
EmoHier,0.0121509324249796,8.67123287671233,Children,41
EmoAvg,0.0316639068015448,8.67123287671233,Children,41
Cong,0.0163284883315328,8.67123287671233,Children,41
Cond,0.0164700942729008,8.67123287671233,Children,41
CongBeta,0.0127001075424416,8.67123287671233,Children,41
CondBeta,0.0127001075677656,8.67123287671233,Children,41
Random,-124.76649250079,10.095890410958903,Children,42
Vanilla,0.0131363979233211,10.095890410958903,Children,42
EmoQ,0.369103391971682,10.095890410958903,Children,42
EmoBias,0.484322745203073,10.095890410958903,Children,42
EmoHier,0.392230355036456,10.095890410958903,Children,42
EmoAvg,0.376296489962226,10.095890410958903,Children,42
Cong,0.160371369403274,10.095890410958903,Children,42
Cond,0.240686410074566,10.095890410958903,Children,42
CongBeta,0.162263091404233,10.095890410958903,Children,42
CondBeta,0.243911058478867,10.095890410958903,Children,42
Random,-124.76649250079,9.915068493150685,Children,43
Vanilla,0.187515592900983,9.915068493150685,Children,43
EmoQ,0.256574089157813,9.915068493150685,Children,43
EmoBias,0.261029718268763,9.915068493150685,Children,43
EmoHier,0.194007110356619,9.915068493150685,Children,43
EmoAvg,0.267250715649998,9.915068493150685,Children,43
Cong,0.188946671570572,9.915068493150685,Children,43
Cond,0.201362754704858,9.915068493150685,Children,43
CongBeta,0.18798234781303,9.915068493150685,Children,43
CondBeta,0.200373587592056,9.915068493150685,Children,43
Random,-124.76649250079,16.2986301369863,Adolescents,44
Vanilla,0.300854233300548,16.2986301369863,Adolescents,44
EmoQ,0.173086167889791,16.2986301369863,Adolescents,44
EmoBias,0.236554889923228,16.2986301369863,Adolescents,44
EmoHier,0.333289083778228,16.2986301369863,Adolescents,44
EmoAvg,0.192193582486465,16.2986301369863,Adolescents,44
Cong,0.339328494152096,16.2986301369863,Adolescents,44
Cond,0.340479898134145,16.2986301369863,Adolescents,44
CongBeta,0.33718401810152,16.2986301369863,Adolescents,44
CondBeta,0.338380175144904,16.2986301369863,Adolescents,44
Random,-124.76649250079,14.158904109589042,Adolescents,45
Vanilla,0.0161998267546101,14.158904109589042,Adolescents,45
EmoQ,0.0269514586106826,14.158904109589042,Adolescents,45
EmoBias,0.0286110488535878,14.158904109589042,Adolescents,45
EmoHier,0.0485873537206454,14.158904109589042,Adolescents,45
EmoAvg,0.0298127885650866,14.158904109589042,Adolescents,45
Cong,-1.77635683940025e-15,14.158904109589042,Adolescents,45
Cond,0.0321763730723854,14.158904109589042,Adolescents,45
CongBeta,0.0272401769382012,14.158904109589042,Adolescents,45
CondBeta,0.0311528849044084,14.158904109589042,Adolescents,45
Random,-124.76649250079,11.665753424657536,Children,46
Vanilla,0.0065806460982204,11.665753424657536,Children,46
EmoQ,0.00450810065681306,11.665753424657536,Children,46
EmoBias,0.00934424445668791,11.665753424657536,Children,46
EmoHier,0.0220921691636288,11.665753424657536,Children,46
EmoAvg,0.0128727029766761,11.665753424657536,Children,46
Cong,-1.77635683940025e-15,11.665753424657536,Children,46
Cond,0.00880974965814363,11.665753424657536,Children,46
CongBeta,0.00873194296678603,11.665753424657536,Children,46
CondBeta,0.00879223563487208,11.665753424657536,Children,46
Random,-124.76649250079,15.326027397260274,Adolescents,47
Vanilla,1.6558715895642e-4,15.326027397260274,Adolescents,47
EmoQ,0.0110466826058889,15.326027397260274,Adolescents,47
EmoBias,0.00587592617652355,15.326027397260274,Adolescents,47
EmoHier,0.00504903594092054,15.326027397260274,Adolescents,47
EmoAvg,0.0043859090709607,15.326027397260274,Adolescents,47
Cong,0.0182515292023795,15.326027397260274,Adolescents,47
Cond,0.0214866256059572,15.326027397260274,Adolescents,47
CongBeta,0.0217359086451355,15.326027397260274,Adolescents,47
CondBeta,0.0222848796341696,15.326027397260274,Adolescents,47
Random,-124.76649250079,9.865753424657534,Children,48
Vanilla,0.326092829611043,9.865753424657534,Children,48
EmoQ,0.391621705081949,9.865753424657534,Children,48
EmoBias,0.559603737721759,9.865753424657534,Children,48
EmoHier,0.33330388858754,9.865753424657534,Children,48
EmoAvg,0.561606136286637,9.865753424657534,Children,48
Cong,0.462089332036349,9.865753424657534,Children,48
Cond,0.45005014571672,9.865753424657534,Children,48
CongBeta,0.460636238818717,9.865753424657534,Children,48
CondBeta,0.462304994049602,9.865753424657534,Children,48
Random,-124.76649250079,9.865753424657534,Children,49
Vanilla,0.00433656305475594,9.865753424657534,Children,49
EmoQ,0.0224191859082793,9.865753424657534,Children,49
EmoBias,0.0263293000654403,9.865753424657534,Children,49
EmoHier,0.0309798871836172,9.865753424657534,Children,49
EmoAvg,0.0297731500235024,9.865753424657534,Children,49
Cong,0.0137570786225609,9.865753424657534,Children,49
Cond,-1.77635683940025e-15,9.865753424657534,Children,49
CongBeta,0.0115436743945747,9.865753424657534,Children,49
CondBeta,0.0135681885633628,9.865753424657534,Children,49
Random,-124.76649250079,15.227397260273971,Adolescents,50
Vanilla,0.034166153014481,15.227397260273971,Adolescents,50
EmoQ,0.303890763774466,15.227397260273971,Adolescents,50
EmoBias,0.310959004433625,15.227397260273971,Adolescents,50
EmoHier,0.23832134709396,15.227397260273971,Adolescents,50
EmoAvg,0.316340219617316,15.227397260273971,Adolescents,50
Cong,0.248685482552335,15.227397260273971,Adolescents,50
Cond,0.274400481363487,15.227397260273971,Adolescents,50
CongBeta,0.243424510707199,15.227397260273971,Adolescents,50
CondBeta,0.271215235339191,15.227397260273971,Adolescents,50
Random,-124.76649250079,8.04109589041096,Children,51
Vanilla,-1.77635683940025e-15,8.04109589041096,Children,51
EmoQ,-1.60300357432419e-8,8.04109589041096,Children,51
EmoBias,-1.28785870856518e-14,8.04109589041096,Children,51
EmoHier,0.00928511838360602,8.04109589041096,Children,51
EmoAvg,0.00598054773620926,8.04109589041096,Children,51
Cong,-1.77635683940025e-15,8.04109589041096,Children,51
Cond,4.5715388096478e-4,8.04109589041096,Children,51
CongBeta,4.5708703268809e-4,8.04109589041096,Children,51
CondBeta,3.2393612864956e-4,8.04109589041096,Children,51
Random,-124.76649250079,15.03013698630137,Adolescents,52
Vanilla,0.199751634214129,15.03013698630137,Adolescents,52
EmoQ,0.0316374016127063,15.03013698630137,Adolescents,52
EmoBias,0.206848905477558,15.03013698630137,Adolescents,52
EmoHier,0.219329302243764,15.03013698630137,Adolescents,52
EmoAvg,0.126621970382451,15.03013698630137,Adolescents,52
Cong,0.361993729580536,15.03013698630137,Adolescents,52
Cond,0.375072738984725,15.03013698630137,Adolescents,52
CongBeta,0.357581086450612,15.03013698630137,Adolescents,52
CondBeta,0.363411421977892,15.03013698630137,Adolescents,52
Random,-124.76649250079,22.775342465753425,Adults,53
Vanilla,0.781870399990648,22.775342465753425,Adults,53
EmoQ,0.759575258381369,22.775342465753425,Adults,53
EmoBias,0.73538675572823,22.775342465753425,Adults,53
EmoHier,0.79209062693614,22.775342465753425,Adults,53
EmoAvg,0.830724998582761,22.775342465753425,Adults,53
Cong,0.784855669878953,22.775342465753425,Adults,53
Cond,0.794785337920881,22.775342465753425,Adults,53
CongBeta,0.795755047716111,22.775342465753425,Adults,53
CondBeta,0.795995719886111,22.775342465753425,Adults,53
Random,-124.76649250079,21.567123287671233,Adults,54
Vanilla,0.175575770107101,21.567123287671233,Adults,54
EmoQ,0.16980111042465099,21.567123287671233,Adults,54
EmoBias,0.180661826298634,21.567123287671233,Adults,54
EmoHier,0.18591364386443,21.567123287671233,Adults,54
EmoAvg,0.156534119378965,21.567123287671233,Adults,54
Cong,0.237765405808348,21.567123287671233,Adults,54
Cond,0.237765405802203,21.567123287671233,Adults,54
CongBeta,0.202430002355598,21.567123287671233,Adults,54
CondBeta,0.207616538645308,21.567123287671233,Adults,54
Random,-124.76649250079,21.39452054794521,Adults,55
Vanilla,0.172631044991484,21.39452054794521,Adults,55
EmoQ,0.176098914578626,21.39452054794521,Adults,55
EmoBias,0.180582987358733,21.39452054794521,Adults,55
EmoHier,0.188951063841205,21.39452054794521,Adults,55
EmoAvg,0.207849395987996,21.39452054794521,Adults,55
Cong,0.213752951485437,21.39452054794521,Adults,55
Cond,0.319255142135034,21.39452054794521,Adults,55
CongBeta,0.209184949547379,21.39452054794521,Adults,55
CondBeta,0.306857914600362,21.39452054794521,Adults,55
Random,-124.76649250079,21.35890410958904,Adults,56
Vanilla,0.0753965007122488,21.35890410958904,Adults,56
EmoQ,0.0744659258977386,21.35890410958904,Adults,56
EmoBias,0.083805545570622,21.35890410958904,Adults,56
EmoHier,0.0822762659571832,21.35890410958904,Adults,56
EmoAvg,0.0880406831103507,21.35890410958904,Adults,56
Cong,0.0776619095416796,21.35890410958904,Adults,56
Cond,0.0808135242629893,21.35890410958904,Adults,56
CongBeta,0.0778039166678907,21.35890410958904,Adults,56
CondBeta,0.0800406272552995,21.35890410958904,Adults,56
Random,-124.76649250079,21.578082191780823,Adults,57
Vanilla,-1.77635683940025e-15,21.578082191780823,Adults,57
EmoQ,0.00878542684723016,21.578082191780823,Adults,57
EmoBias,0.012557260346622,21.578082191780823,Adults,57
EmoHier,0.0167943466196725,21.578082191780823,Adults,57
EmoAvg,0.0235041884095623,21.578082191780823,Adults,57
Cong,0.0358690016669793,21.578082191780823,Adults,57
Cond,0.0350693431979791,21.578082191780823,Adults,57
CongBeta,0.037350376906781,21.578082191780823,Adults,57
CondBeta,0.0389910028978991,21.578082191780823,Adults,57
Random,-124.76649250079,21.13972602739726,Adults,58
Vanilla,0.795111462644583,21.13972602739726,Adults,58
EmoQ,0.262096779609357,21.13972602739726,Adults,58
EmoBias,0.751650400825909,21.13972602739726,Adults,58
EmoHier,0.79654933050778,21.13972602739726,Adults,58
EmoAvg,0.479445567596683,21.13972602739726,Adults,58
Cong,0.803673912472056,21.13972602739726,Adults,58
Cond,0.804409701848899,21.13972602739726,Adults,58
CongBeta,0.800382033018484,21.13972602739726,Adults,58
CondBeta,0.807999075966669,21.13972602739726,Adults,58
Random,-124.76649250079,21.16164383561644,Adults,59
Vanilla,0.00405501798709984,21.16164383561644,Adults,59
EmoQ,0.0250970405984545,21.16164383561644,Adults,59
EmoBias,0.0280821871756171,21.16164383561644,Adults,59
EmoHier,0.0247711796897483,21.16164383561644,Adults,59
EmoAvg,0.047670401545909,21.16164383561644,Adults,59
Cong,0.0168012057228294,21.16164383561644,Adults,59
Cond,0.0170467406860905,21.16164383561644,Adults,59
CongBeta,0.0138016830764649,21.16164383561644,Adults,59
CondBeta,0.0253655039191503,21.16164383561644,Adults,59
Random,-124.76649250079,21.432876712328767,Adults,60
Vanilla,0.453560134610556,21.432876712328767,Adults,60
EmoQ,0.234203860930958,21.432876712328767,Adults,60
EmoBias,0.416627398176736,21.432876712328767,Adults,60
EmoHier,0.443799492249071,21.432876712328767,Adults,60
EmoAvg,0.315732714432758,21.432876712328767,Adults,60
Cong,0.460030694707952,21.432876712328767,Adults,60
Cond,0.47613883141288,21.432876712328767,Adults,60
CongBeta,0.459187326176635,21.432876712328767,Adults,60
CondBeta,0.469613230142311,21.432876712328767,Adults,60
Random,-124.76649250079,21.15068493150685,Adults,61
Vanilla,0.0285971361569817,21.15068493150685,Adults,61
EmoQ,0.0939781324777574,21.15068493150685,Adults,61
EmoBias,0.0967213710051906,21.15068493150685,Adults,61
EmoHier,0.0788759013686273,21.15068493150685,Adults,61
EmoAvg,0.0902819371821889,21.15068493150685,Adults,61
Cong,0.0453515018663329,21.15068493150685,Adults,61
Cond,0.0630119925240222,21.15068493150685,Adults,61
CongBeta,0.0425544315912769,21.15068493150685,Adults,61
CondBeta,0.0637474590438524,21.15068493150685,Adults,61
Random,-124.76649250079,21.356164383561644,Adults,62
Vanilla,0.583181275713404,21.356164383561644,Adults,62
EmoQ,0.484919542218845,21.356164383561644,Adults,62
EmoBias,0.552027272227304,21.356164383561644,Adults,62
EmoHier,0.585997588205989,21.356164383561644,Adults,62
EmoAvg,0.468458928752668,21.356164383561644,Adults,62
Cong,0.692286033473559,21.356164383561644,Adults,62
Cond,0.697966990562622,21.356164383561644,Adults,62
CongBeta,0.694465548814897,21.356164383561644,Adults,62
CondBeta,0.698302268006623,21.356164383561644,Adults,62
Random,-124.76649250079,22.2986301369863,Adults,63
Vanilla,0.0862478709976163,22.2986301369863,Adults,63
EmoQ,0.265153510468797,22.2986301369863,Adults,63
EmoBias,0.247367508942918,22.2986301369863,Adults,63
EmoHier,0.191705017565459,22.2986301369863,Adults,63
EmoAvg,0.271649503031223,22.2986301369863,Adults,63
Cong,0.230261390205931,22.2986301369863,Adults,63
Cond,0.237988017537586,22.2986301369863,Adults,63
CongBeta,0.223722637695721,22.2986301369863,Adults,63
CondBeta,0.232422958110174,22.2986301369863,Adults,63
Random,-124.76649250079,9.476712328767125,Children,64
Vanilla,-1.77635683940025e-15,9.476712328767125,Children,64
EmoQ,-1.60300375195987e-8,9.476712328767125,Children,64
EmoBias,-3.918875668418311e-9,9.476712328767125,Children,64
EmoHier,0.0269721984071514,9.476712328767125,Children,64
EmoAvg,0.0135054538912711,9.476712328767125,Children,64
Cong,-1.77635683940025e-15,9.476712328767125,Children,64
Cond,0.00165330106585493,9.476712328767125,Children,64
CongBeta,-1.77635683940025e-15,9.476712328767125,Children,64
CondBeta,-1.77635683940025e-15,9.476712328767125,Children,64
Random,-124.76649250079,12.843835616438357,Children,65
Vanilla,-1.77635683940025e-15,12.843835616438357,Children,65
EmoQ,0.0258945933070469,12.843835616438357,Children,65
EmoBias,0.0271423063537489,12.843835616438357,Children,65
EmoHier,0.0487093843246107,12.843835616438357,Children,65
EmoAvg,0.0288557719602122,12.843835616438357,Children,65
Cong,0.0209741376054572,12.843835616438357,Children,65
Cond,0.0257885185297407,12.843835616438357,Children,65
CongBeta,0.0289065923127756,12.843835616438357,Children,65
CondBeta,0.0394687202168603,12.843835616438357,Children,65
Random,-124.76649250079,12.263013698630138,Children,66
Vanilla,0.267334223007424,12.263013698630138,Children,66
EmoQ,0.249610479501188,12.263013698630138,Children,66
EmoBias,0.264527120382396,12.263013698630138,Children,66
EmoHier,0.256841482966143,12.263013698630138,Children,66
EmoAvg,0.253688768534853,12.263013698630138,Children,66
Cong,0.281684962903973,12.263013698630138,Children,66
Cond,0.290816219198529,12.263013698630138,Children,66
CongBeta,0.272761306648434,12.263013698630138,Children,66
CondBeta,0.273331372145136,12.263013698630138,Children,66
Random,-124.76649250079,15.846575342465751,Adolescents,67
Vanilla,0.00124214527776612,15.846575342465751,Adolescents,67
EmoQ,0.0112510048105697,15.846575342465751,Adolescents,67
EmoBias,0.0125587656898433,15.846575342465751,Adolescents,67
EmoHier,0.0183197487503031,15.846575342465751,Adolescents,67
EmoAvg,0.0200502467305844,15.846575342465751,Adolescents,67
Cong,0.00884531728583182,15.846575342465751,Adolescents,67
Cond,-1.77635683940025e-15,15.846575342465751,Adolescents,67
CongBeta,0.0088453174857307,15.846575342465751,Adolescents,67
CondBeta,0.0186242671083117,15.846575342465751,Adolescents,67
Random,-124.76649250079,15.027397260273972,Adolescents,68
Vanilla,0.119414886737281,15.027397260273972,Adolescents,68
EmoQ,0.11482847238849,15.027397260273972,Adolescents,68
EmoBias,0.120346604096562,15.027397260273972,Adolescents,68
EmoHier,0.107136386752652,15.027397260273972,Adolescents,68
EmoAvg,0.128981738742336,15.027397260273972,Adolescents,68
Cong,0.140118527437654,15.027397260273972,Adolescents,68
Cond,0.157092879042258,15.027397260273972,Adolescents,68
CongBeta,0.130578211159205,15.027397260273972,Adolescents,68
CondBeta,0.133237269789466,15.027397260273972,Adolescents,68
Random,-124.76649250079,9.213698630136989,Children,69
Vanilla,0.00787704956166202,9.213698630136989,Children,69
EmoQ,0.00548005389642503,9.213698630136989,Children,69
EmoBias,0.00652893975414326,9.213698630136989,Children,69
EmoHier,0.0560205951600354,9.213698630136989,Children,69
EmoAvg,0.00682480947865038,9.213698630136989,Children,69
Cong,0.0228946893002959,9.213698630136989,Children,69
Cond,0.0318559490022506,9.213698630136989,Children,69
CongBeta,0.0225080798010656,9.213698630136989,Children,69
CondBeta,0.0238479697272289,9.213698630136989,Children,69
Random,-124.76649250079,14.994520547945204,Adolescents,70
Vanilla,0.683842140674792,14.994520547945204,Adolescents,70
EmoQ,0.605867584162702,14.994520547945204,Adolescents,70
EmoBias,0.723631369005227,14.994520547945204,Adolescents,70
EmoHier,0.681259440640268,14.994520547945204,Adolescents,70
EmoAvg,0.577172442394022,14.994520547945204,Adolescents,70
Cong,0.704819848110128,14.994520547945204,Adolescents,70
Cond,0.739516708766266,14.994520547945204,Adolescents,70
CongBeta,0.701446655484032,14.994520547945204,Adolescents,70
CondBeta,0.719516276091238,14.994520547945204,Adolescents,70
Random,-124.76649250079,22.76164383561644,Adults,71
Vanilla,0.5404608439179,22.76164383561644,Adults,71
EmoQ,0.373968599919415,22.76164383561644,Adults,71
EmoBias,0.570902342015541,22.76164383561644,Adults,71
EmoHier,0.547709169218137,22.76164383561644,Adults,71
EmoAvg,0.389691749154471,22.76164383561644,Adults,71
Cong,0.541518395201291,22.76164383561644,Adults,71
Cond,0.564786704473741,22.76164383561644,Adults,71
CongBeta,0.561790630448235,22.76164383561644,Adults,71
CondBeta,0.566067390816439,22.76164383561644,Adults,71
Random,-124.76649250079,22.45205479452055,Adults,72
Vanilla,0.47344928648707,22.45205479452055,Adults,72
EmoQ,0.352764989940324,22.45205479452055,Adults,72
EmoBias,0.391627975793294,22.45205479452055,Adults,72
EmoHier,0.473449286486846,22.45205479452055,Adults,72
EmoAvg,0.320160013081398,22.45205479452055,Adults,72
Cong,0.534478558175827,22.45205479452055,Adults,72
Cond,0.53567359552665,22.45205479452055,Adults,72
CongBeta,0.526181697718739,22.45205479452055,Adults,72
CondBeta,0.527488592876737,22.45205479452055,Adults,72
Random,-124.76649250079,12.26027397260274,Children,73
Vanilla,0.00420479408881469,12.26027397260274,Children,73
EmoQ,-4.80899269295065e-8,12.26027397260274,Children,73
EmoBias,0.00340851570608869,12.26027397260274,Children,73
EmoHier,0.00597389535838166,12.26027397260274,Children,73
EmoAvg,-4.00750033158204e-9,12.26027397260274,Children,73
Cong,-1.77635683940025e-15,12.26027397260274,Children,73
Cond,-1.77635683940025e-15,12.26027397260274,Children,73
CongBeta,0.00779868562135833,12.26027397260274,Children,73
CondBeta,0.00793597376381383,12.26027397260274,Children,73
Random,-124.76649250079,10.41917808219178,Children,74
Vanilla,0.213372625343494,10.41917808219178,Children,74
EmoQ,0.287651688893828,10.41917808219178,Children,74
EmoBias,0.226089015541287,10.41917808219178,Children,74
EmoHier,0.230756396334272,10.41917808219178,Children,74
EmoAvg,0.255990172795555,10.41917808219178,Children,74
Cong,0.213744549874554,10.41917808219178,Children,74
Cond,0.226051087108374,10.41917808219178,Children,74
CongBeta,0.223616402176812,10.41917808219178,Children,74
CondBeta,0.228441953789537,10.41917808219178,Children,74
Random,-124.76649250079,11.58904109589041,Children,75
Vanilla,0.0202272629180488,11.58904109589041,Children,75
EmoQ,0.0223497554712039,11.58904109589041,Children,75
EmoBias,0.0222795455897417,11.58904109589041,Children,75
EmoHier,0.0202272629192385,11.58904109589041,Children,75
EmoAvg,0.0172766525528854,11.58904109589041,Children,75
Cong,0.0335983493913641,11.58904109589041,Children,75
Cond,0.0268622111454075,11.58904109589041,Children,75
CongBeta,0.0336021137730814,11.58904109589041,Children,75
CondBeta,0.0362094652254661,11.58904109589041,Children,75
Random,-124.76649250079,22.589041095890412,Adults,76
Vanilla,0.39419258711523403,22.589041095890412,Adults,76
EmoQ,0.254127656300573,22.589041095890412,Adults,76
EmoBias,0.403116742339917,22.589041095890412,Adults,76
EmoHier,0.411911400587865,22.589041095890412,Adults,76
EmoAvg,0.301997828980447,22.589041095890412,Adults,76
Cong,0.446880182380706,22.589041095890412,Adults,76
Cond,0.473728925471859,22.589041095890412,Adults,76
CongBeta,0.431028391316394,22.589041095890412,Adults,76
CondBeta,0.471351856887028,22.589041095890412,Adults,76
Random,-124.76649250079,22.802739726027397,Adults,77
Vanilla,0.69247104619639,22.802739726027397,Adults,77
EmoQ,0.504010110614592,22.802739726027397,Adults,77
EmoBias,0.684010859590567,22.802739726027397,Adults,77
EmoHier,0.598278519017434,22.802739726027397,Adults,77
EmoAvg,0.492126178247364,22.802739726027397,Adults,77
Cong,0.728449740873951,22.802739726027397,Adults,77
Cond,0.732887622569529,22.802739726027397,Adults,77
CongBeta,0.760476653838892,22.802739726027397,Adults,77
CondBeta,0.767063433097691,22.802739726027397,Adults,77
Random,-124.76649250079,15.73972602739726,Adolescents,78
Vanilla,0.186256863150407,15.73972602739726,Adolescents,78
EmoQ,0.153517841365393,15.73972602739726,Adolescents,78
EmoBias,0.16978957053439,15.73972602739726,Adolescents,78
EmoHier,0.208917777702288,15.73972602739726,Adolescents,78
EmoAvg,0.146743472274962,15.73972602739726,Adolescents,78
Cong,0.193969734041938,15.73972602739726,Adolescents,78
Cond,0.241253367426895,15.73972602739726,Adolescents,78
CongBeta,0.196811690507538,15.73972602739726,Adolescents,78
CondBeta,0.239290019727261,15.73972602739726,Adolescents,78
Random,-124.76649250079,13.87945205479452,Adolescents,79
Vanilla,-1.77635683940025e-15,13.87945205479452,Adolescents,79
EmoQ,7.1267672982344e-4,13.87945205479452,Adolescents,79
EmoBias,7.6529051274365e-4,13.87945205479452,Adolescents,79
EmoHier,2.00374222769639e-8,13.87945205479452,Adolescents,79
EmoAvg,7.1267672982389e-4,13.87945205479452,Adolescents,79
Cong,0.0137516108723045,13.87945205479452,Adolescents,79
Cond,-1.77635683940025e-15,13.87945205479452,Adolescents,79
CongBeta,0.0137535836790402,13.87945205479452,Adolescents,79
CondBeta,0.0137535835853353,13.87945205479452,Adolescents,79
Random,-124.76649250079,22.027397260273972,Adults,80
Vanilla,0.0774449721431716,22.027397260273972,Adults,80
EmoQ,0.0835744142093423,22.027397260273972,Adults,80
EmoBias,0.0774449721390926,22.027397260273972,Adults,80
EmoHier,0.0774449717788307,22.027397260273972,Adults,80
EmoAvg,0.0704464762098747,22.027397260273972,Adults,80
Cong,0.0885158069040788,22.027397260273972,Adults,80
Cond,0.100387784434644,22.027397260273972,Adults,80
CongBeta,0.0810557887567271,22.027397260273972,Adults,80
CondBeta,0.089715881708772,22.027397260273972,Adults,80
Random,-124.76649250079,22.775342465753425,Adults,81
Vanilla,0.518628215189514,22.775342465753425,Adults,81
EmoQ,0.196328852191011,22.775342465753425,Adults,81
EmoBias,0.417780028353988,22.775342465753425,Adults,81
EmoHier,0.537521616289438,22.775342465753425,Adults,81
EmoAvg,0.398697056638375,22.775342465753425,Adults,81
Cong,0.537525779610973,22.775342465753425,Adults,81
Cond,0.576705677371079,22.775342465753425,Adults,81
CongBeta,0.531362239434408,22.775342465753425,Adults,81
CondBeta,0.577321604916594,22.775342465753425,Adults,81
Random,-124.76649250079,15.413698630136986,Adolescents,82
Vanilla,0.0200408818282934,15.413698630136986,Adolescents,82
EmoQ,0.0529268623244651,15.413698630136986,Adolescents,82
EmoBias,0.0528250011017742,15.413698630136986,Adolescents,82
EmoHier,0.069561159920343,15.413698630136986,Adolescents,82
EmoAvg,0.0649330384952036,15.413698630136986,Adolescents,82
Cong,0.0384579621217557,15.413698630136986,Adolescents,82
Cond,0.0421509714972703,15.413698630136986,Adolescents,82
CongBeta,0.0415116844302135,15.413698630136986,Adolescents,82
CondBeta,0.0491695850613845,15.413698630136986,Adolescents,82
Random,-124.76649250079,16.794520547945204,Adolescents,83
Vanilla,0.291833580473339,16.794520547945204,Adolescents,83
EmoQ,0.263567024356477,16.794520547945204,Adolescents,83
EmoBias,0.296174148904544,16.794520547945204,Adolescents,83
EmoHier,0.291833580186468,16.794520547945204,Adolescents,83
EmoAvg,0.282357428334421,16.794520547945204,Adolescents,83
Cong,0.32485178240607,16.794520547945204,Adolescents,83
Cond,0.330374717487649,16.794520547945204,Adolescents,83
CongBeta,0.322898249594328,16.794520547945204,Adolescents,83
CondBeta,0.326984012005212,16.794520547945204,Adolescents,83
Random,-124.76649250079,15.123287671232877,Adolescents,84
Vanilla,0.00927550049287662,15.123287671232877,Adolescents,84
EmoQ,0.16399549933413,15.123287671232877,Adolescents,84
EmoBias,0.194895619657866,15.123287671232877,Adolescents,84
EmoHier,0.188517522824919,15.123287671232877,Adolescents,84
EmoAvg,0.175508616450773,15.123287671232877,Adolescents,84
Cong,-1.77635683940025e-15,15.123287671232877,Adolescents,84
Cond,0.0157926892023119,15.123287671232877,Adolescents,84
CongBeta,0.0901760375552169,15.123287671232877,Adolescents,84
CondBeta,0.100822270310514,15.123287671232877,Adolescents,84
Random,-124.76649250079,17.068493150684933,Adolescents,85
Vanilla,0.00191011242869343,17.068493150684933,Adolescents,85
EmoQ,0.00327463676520456,17.068493150684933,Adolescents,85
EmoBias,0.00402488358690545,17.068493150684933,Adolescents,85
EmoHier,0.0137207456720175,17.068493150684933,Adolescents,85
EmoAvg,0.0149876089948418,17.068493150684933,Adolescents,85
Cong,0.0059003454071489,17.068493150684933,Adolescents,85
Cond,0.0059003472823359,17.068493150684933,Adolescents,85
CongBeta,0.00586168476651072,17.068493150684933,Adolescents,85
CondBeta,0.00546280947400646,17.068493150684933,Adolescents,85
Random,-124.76649250079,15.75890410958904,Adolescents,86
Vanilla,0.332457800410055,15.75890410958904,Adolescents,86
EmoQ,0.289397437389728,15.75890410958904,Adolescents,86
EmoBias,0.30793364517509,15.75890410958904,Adolescents,86
EmoHier,0.347050289292999,15.75890410958904,Adolescents,86
EmoAvg,0.282918192342719,15.75890410958904,Adolescents,86
Cong,0.353614219492992,15.75890410958904,Adolescents,86
Cond,0.362209118738039,15.75890410958904,Adolescents,86
CongBeta,0.352333601031069,15.75890410958904,Adolescents,86
CondBeta,0.352412809629737,15.75890410958904,Adolescents,86
Random,-124.76649250079,15.756164383561645,Adolescents,87
Vanilla,0.241855737765003,15.756164383561645,Adolescents,87
EmoQ,0.189329619243525,15.756164383561645,Adolescents,87
EmoBias,0.220011286739477,15.756164383561645,Adolescents,87
EmoHier,0.224856363655409,15.756164383561645,Adolescents,87
EmoAvg,0.183187464357217,15.756164383561645,Adolescents,87
Cong,0.249311831248107,15.756164383561645,Adolescents,87
Cond,0.267906133146007,15.756164383561645,Adolescents,87
CongBeta,0.253756140202547,15.756164383561645,Adolescents,87
CondBeta,0.253968909341496,15.756164383561645,Adolescents,87
Random,-124.76649250079,16.695890410958903,Adolescents,88
Vanilla,0.555619325334673,16.695890410958903,Adolescents,88
EmoQ,0.333435786523116,16.695890410958903,Adolescents,88
EmoBias,0.47883139942077,16.695890410958903,Adolescents,88
EmoHier,0.555619324448613,16.695890410958903,Adolescents,88
EmoAvg,0.371399834328693,16.695890410958903,Adolescents,88
Cong,0.605689544255878,16.695890410958903,Adolescents,88
Cond,0.610136687985878,16.695890410958903,Adolescents,88
CongBeta,0.592007884407733,16.695890410958903,Adolescents,88
CondBeta,0.598688388780218,16.695890410958903,Adolescents,88
Random,-124.76649250079,16.654794520547945,Adolescents,89
Vanilla,0.405996977466745,16.654794520547945,Adolescents,89
EmoQ,0.329068976961691,16.654794520547945,Adolescents,89
EmoBias,0.405829614399892,16.654794520547945,Adolescents,89
EmoHier,0.405902455740423,16.654794520547945,Adolescents,89
EmoAvg,0.405500777245445,16.654794520547945,Adolescents,89
Cong,0.409018251769657,16.654794520547945,Adolescents,89
Cond,0.411870519403371,16.654794520547945,Adolescents,89
CongBeta,0.409171916099632,16.654794520547945,Adolescents,89
CondBeta,0.41129080128381,16.654794520547945,Adolescents,89
Random,-124.76649250079,11.575342465753424,Children,90
Vanilla,-1.77635683940025e-15,11.575342465753424,Children,90
EmoQ,0.039277738740055,11.575342465753424,Children,90
EmoBias,0.105083193652503,11.575342465753424,Children,90
EmoHier,0.121746466617061,11.575342465753424,Children,90
EmoAvg,0.0594520714042283,11.575342465753424,Children,90
Cong,0.168250899514381,11.575342465753424,Children,90
Cond,0.233371906398432,11.575342465753424,Children,90
CongBeta,0.141486262381807,11.575342465753424,Children,90
CondBeta,0.244144164749926,11.575342465753424,Children,90
Random,-124.76649250079,13.164383561643836,Adolescents,91
Vanilla,0.0604581452124817,13.164383561643836,Adolescents,91
EmoQ,0.0672850504642019,13.164383561643836,Adolescents,91
EmoBias,0.0706427414147039,13.164383561643836,Adolescents,91
EmoHier,0.0945525947837276,13.164383561643836,Adolescents,91
EmoAvg,0.0640915602094861,13.164383561643836,Adolescents,91
Cong,0.0872846604520021,13.164383561643836,Adolescents,91
Cond,0.170547787163019,13.164383561643836,Adolescents,91
CongBeta,0.0959477240056201,13.164383561643836,Adolescents,91
CondBeta,0.167354279777362,13.164383561643836,Adolescents,91
Random,-124.76649250079,17.068493150684933,Adolescents,92
Vanilla,0.496671312546869,17.068493150684933,Adolescents,92
EmoQ,0.26722713409548,17.068493150684933,Adolescents,92
EmoBias,0.344121923531353,17.068493150684933,Adolescents,92
EmoHier,0.491692463852079,17.068493150684933,Adolescents,92
EmoAvg,0.384686622564064,17.068493150684933,Adolescents,92
Cong,0.528674155717741,17.068493150684933,Adolescents,92
Cond,0.53311337228141,17.068493150684933,Adolescents,92
CongBeta,0.52237493755307,17.068493150684933,Adolescents,92
CondBeta,0.53303751236265,17.068493150684933,Adolescents,92
Random,-124.76649250079,16.578082191780823,Adolescents,93
Vanilla,0.754509479349124,16.578082191780823,Adolescents,93
EmoQ,0.602496487706923,16.578082191780823,Adolescents,93
EmoBias,0.770000417209971,16.578082191780823,Adolescents,93
EmoHier,0.768112464542342,16.578082191780823,Adolescents,93
EmoAvg,0.522793736793704,16.578082191780823,Adolescents,93
Cong,0.755583823644534,16.578082191780823,Adolescents,93
Cond,0.79343836789124,16.578082191780823,Adolescents,93
CongBeta,0.756686363578568,16.578082191780823,Adolescents,93
CondBeta,0.762186858594709,16.578082191780823,Adolescents,93
Random,-124.76649250079,14.076712328767124,Adolescents,94
Vanilla,0.827782088039708,14.076712328767124,Adolescents,94
EmoQ,0.275588589110506,14.076712328767124,Adolescents,94
EmoBias,0.843292737052602,14.076712328767124,Adolescents,94
EmoHier,0.747216888421492,14.076712328767124,Adolescents,94
EmoAvg,0.395421464628378,14.076712328767124,Adolescents,94
Cong,0.838410212230804,14.076712328767124,Adolescents,94
Cond,0.842665273190913,14.076712328767124,Adolescents,94
CongBeta,0.849430871293669,14.076712328767124,Adolescents,94
CondBeta,0.849430871294195,14.076712328767124,Adolescents,94
Random,-124.76649250079,8.07945205479452,Children,95
Vanilla,0.128657390863776,8.07945205479452,Children,95
EmoQ,0.128689276242437,8.07945205479452,Children,95
EmoBias,0.152738781965121,8.07945205479452,Children,95
EmoHier,0.178333318438867,8.07945205479452,Children,95
EmoAvg,0.253081486287779,8.07945205479452,Children,95
Cong,0.326918908162917,8.07945205479452,Children,95
Cond,0.329382422869929,8.07945205479452,Children,95
CongBeta,0.323089134752291,8.07945205479452,Children,95
CondBeta,0.324422724533131,8.07945205479452,Children,95
Random,-124.76649250079,20.48493150684931,Adults,96
Vanilla,0.443196455499109,20.48493150684931,Adults,96
EmoQ,0.322690347709794,20.48493150684931,Adults,96
EmoBias,0.386978379398414,20.48493150684931,Adults,96
EmoHier,0.457202925831839,20.48493150684931,Adults,96
EmoAvg,0.342085412898029,20.48493150684931,Adults,96
Cong,0.452275939055161,20.48493150684931,Adults,96
Cond,0.452912831109007,20.48493150684931,Adults,96
CongBeta,0.452355900691279,20.48493150684931,Adults,96
CondBeta,0.45348451559516,20.48493150684931,Adults,96
Random,-124.76649250079,11.484931506849316,Children,97
Vanilla,0.420951534847876,11.484931506849316,Children,97
EmoQ,0.222498500732859,11.484931506849316,Children,97
EmoBias,0.325995367121572,11.484931506849316,Children,97
EmoHier,0.438077931413813,11.484931506849316,Children,97
EmoAvg,0.239159139265135,11.484931506849316,Children,97
Cong,0.428137247546341,11.484931506849316,Children,97
Cond,0.428138603685139,11.484931506849316,Children,97
CongBeta,0.428209297322419,11.484931506849316,Children,97
CondBeta,0.428211606391895,11.484931506849316,Children,97
Random,-124.76649250079,10.73972602739726,Children,98
Vanilla,-1.77635683940025e-15,10.73972602739726,Children,98
EmoQ,0.00643111281390452,10.73972602739726,Children,98
EmoBias,0.0106755502869801,10.73972602739726,Children,98
EmoHier,0.00643111278441089,10.73972602739726,Children,98
EmoAvg,0.00731692931079497,10.73972602739726,Children,98
Cong,-1.77635683940025e-15,10.73972602739726,Children,98
Cond,0.0122700114682643,10.73972602739726,Children,98
CongBeta,0.010335080497212,10.73972602739726,Children,98
CondBeta,0.011221566490223,10.73972602739726,Children,98
Random,-124.76649250079,20.687671232876713,Adults,99
Vanilla,-1.77635683940025e-15,20.687671232876713,Adults,99
EmoQ,-1.20224678656911e-7,20.687671232876713,Adults,99
EmoBias,0.023043948507347,20.687671232876713,Adults,99
EmoHier,0.019019354405572,20.687671232876713,Adults,99
EmoAvg,-3.96046861972366e-9,20.687671232876713,Adults,99
Cong,0.112003186374155,20.687671232876713,Adults,99
Cond,0.125766531260054,20.687671232876713,Adults,99
CongBeta,0.111391263821535,20.687671232876713,Adults,99
CondBeta,0.125177385446081,20.687671232876713,Adults,99
Random,-124.76649250079,20.312328767123287,Adults,100
Vanilla,0.494560348793191,20.312328767123287,Adults,100
EmoQ,0.323737898882348,20.312328767123287,Adults,100
EmoBias,0.512027895543567,20.312328767123287,Adults,100
EmoHier,0.499455165395304,20.312328767123287,Adults,100
EmoAvg,0.440851104536914,20.312328767123287,Adults,100
Cong,0.513782824078738,20.312328767123287,Adults,100
Cond,0.514101583155565,20.312328767123287,Adults,100
CongBeta,0.517117624462967,20.312328767123287,Adults,100
CondBeta,0.518173663609337,20.312328767123287,Adults,100
Random,-124.76649250079,10.38082191780822,Children,101
Vanilla,0.018179311620605,10.38082191780822,Children,101
EmoQ,0.26344790070843,10.38082191780822,Children,101
EmoBias,0.28271493288414,10.38082191780822,Children,101
EmoHier,0.24618714240283,10.38082191780822,Children,101
EmoAvg,0.263152913100533,10.38082191780822,Children,101
Cong,0.0890527422736013,10.38082191780822,Children,101
Cond,0.0894072173114456,10.38082191780822,Children,101
CongBeta,0.105448631759639,10.38082191780822,Children,101
CondBeta,0.106815097239087,10.38082191780822,Children,101
Random,-124.76649250079,17.22739726027397,Adolescents,102
Vanilla,0.00450394080493122,17.22739726027397,Adolescents,102
EmoQ,-1.60300377416434e-8,17.22739726027397,Adolescents,102
EmoBias,0.00926323158633025,17.22739726027397,Adolescents,102
EmoHier,0.01263068793231,17.22739726027397,Adolescents,102
EmoAvg,0.00996774778746212,17.22739726027397,Adolescents,102
Cong,0.0169746270553227,17.22739726027397,Adolescents,102
Cond,0.0178372583043385,17.22739726027397,Adolescents,102
CongBeta,0.0143965278031131,17.22739726027397,Adolescents,102
CondBeta,0.0202307920544703,17.22739726027397,Adolescents,102
Random,-124.76649250079,10.145205479452056,Children,103
Vanilla,0.162038169224851,10.145205479452056,Children,103
EmoQ,0.0996097831674455,10.145205479452056,Children,103
EmoBias,0.132581678773148,10.145205479452056,Children,103
EmoHier,0.115073567717837,10.145205479452056,Children,103
EmoAvg,0.113525236534502,10.145205479452056,Children,103
Cong,0.140561211609637,10.145205479452056,Children,103
Cond,0.14091946421863,10.145205479452056,Children,103
CongBeta,0.16410908571612,10.145205479452056,Children,103
CondBeta,0.164121605964721,10.145205479452056,Children,103
Random,-124.76649250079,10.084931506849315,Children,104
Vanilla,0.128430595462419,10.084931506849315,Children,104
EmoQ,0.454370041494984,10.084931506849315,Children,104
EmoBias,0.414907829657365,10.084931506849315,Children,104
EmoHier,0.211817203631585,10.084931506849315,Children,104
EmoAvg,0.436564512267749,10.084931506849315,Children,104
Cong,0.282598795959317,10.084931506849315,Children,104
Cond,0.365412734828308,10.084931506849315,Children,104
CongBeta,0.28037517048189,10.084931506849315,Children,104
CondBeta,0.361769954242051,10.084931506849315,Children,104
Random,-124.76649250079,17.23835616438356,Adolescents,105
Vanilla,0.483070969360133,17.23835616438356,Adolescents,105
EmoQ,0.339422394059366,17.23835616438356,Adolescents,105
EmoBias,0.450626089640567,17.23835616438356,Adolescents,105
EmoHier,0.483070969328809,17.23835616438356,Adolescents,105
EmoAvg,0.431687482528351,17.23835616438356,Adolescents,105
Cong,0.494581789739514,17.23835616438356,Adolescents,105
Cond,0.564604535257695,17.23835616438356,Adolescents,105
CongBeta,0.491709445423948,17.23835616438356,Adolescents,105
CondBeta,0.553498216079487,17.23835616438356,Adolescents,105
Random,-124.76649250079,12.115068493150686,Children,106
Vanilla,0.111949013729921,12.115068493150686,Children,106
EmoQ,0.110892375535814,12.115068493150686,Children,106
EmoBias,0.147438149615021,12.115068493150686,Children,106
EmoHier,0.157301179725144,12.115068493150686,Children,106
EmoAvg,0.112012818294444,12.115068493150686,Children,106
Cong,0.349516699437053,12.115068493150686,Children,106
Cond,0.349658476021336,12.115068493150686,Children,106
CongBeta,0.350301293793027,12.115068493150686,Children,106
CondBeta,0.350301293793753,12.115068493150686,Children,106
Random,-124.76649250079,18.361643835616437,Adults,107
Vanilla,0.74527078982014,18.361643835616437,Adults,107
EmoQ,0.623111557570451,18.361643835616437,Adults,107
EmoBias,0.713651550871984,18.361643835616437,Adults,107
EmoHier,0.764483316024807,18.361643835616437,Adults,107
EmoAvg,0.579507660522923,18.361643835616437,Adults,107
Cong,0.751641181852886,18.361643835616437,Adults,107
Cond,0.776901072079111,18.361643835616437,Adults,107
CongBeta,0.75233967067347,18.361643835616437,Adults,107
CondBeta,0.754791061038667,18.361643835616437,Adults,107
Random,-124.76649250079,11.90958904109589,Children,108
Vanilla,0.241942507540816,11.90958904109589,Children,108
EmoQ,0.108459172644098,11.90958904109589,Children,108
EmoBias,0.175606390868941,11.90958904109589,Children,108
EmoHier,0.241942507528269,11.90958904109589,Children,108
EmoAvg,0.132037093010998,11.90958904109589,Children,108
Cong,0.357972920574507,11.90958904109589,Children,108
Cond,0.359202939967108,11.90958904109589,Children,108
CongBeta,0.348072850072392,11.90958904109589,Children,108
CondBeta,0.348592688969676,11.90958904109589,Children,108
Random,-124.76649250079,8.202739726027398,Children,109
Vanilla,-1.77635683940025e-15,8.202739726027398,Children,109
EmoQ,0.0016041840091805,8.202739726027398,Children,109
EmoBias,0.00237544073894314,8.202739726027398,Children,109
EmoHier,8.0205935686572e-4,8.202739726027398,Children,109
EmoAvg,0.0017154679469924,8.202739726027398,Children,109
Cong,-1.77635683940025e-15,8.202739726027398,Children,109
Cond,0.0020905253006841,8.202739726027398,Children,109
CongBeta,0.00208774086492824,8.202739726027398,Children,109
CondBeta,0.00275404774200838,8.202739726027398,Children,109
Random,-124.76649250079,12.101369863013698,Children,110
Vanilla,1.8433792908867e-4,12.101369863013698,Children,110
EmoQ,0.00415880332816432,12.101369863013698,Children,110
EmoBias,0.00413784494106539,12.101369863013698,Children,110
EmoHier,0.0053743274359116,12.101369863013698,Children,110
EmoAvg,0.0135108680313615,12.101369863013698,Children,110
Cong,-1.77635683940025e-15,12.101369863013698,Children,110
Cond,-1.77635683940025e-15,12.101369863013698,Children,110
CongBeta,0.00975160504087302,12.101369863013698,Children,110
CondBeta,0.0102168891048038,12.101369863013698,Children,110
Random,-124.76649250079,10.2,Children,111
Vanilla,-1.77635683940025e-15,10.2,Children,111
EmoQ,0.0114598886135987,10.2,Children,111
EmoBias,0.0114819284753203,10.2,Children,111
EmoHier,6.41196865602822e-8,10.2,Children,111
EmoAvg,0.0131493280275927,10.2,Children,111
Cong,-1.77635683940025e-15,10.2,Children,111
Cond,-1.77635683940025e-15,10.2,Children,111
CongBeta,0.0035058581097609,10.2,Children,111
CondBeta,0.00289878995428194,10.2,Children,111
Random,-124.76649250079,10.9013698630137,Children,112
Vanilla,-1.77635683940025e-15,10.9013698630137,Children,112
EmoQ,-8.0150648340549e-9,10.9013698630137,Children,112
EmoBias,-8.01498556413094e-9,10.9013698630137,Children,112
EmoHier,0.00307195058553222,10.9013698630137,Children,112
EmoAvg,0.00800698970714375,10.9013698630137,Children,112
Cong,-1.77635683940025e-15,10.9013698630137,Children,112
Cond,-1.77635683940025e-15,10.9013698630137,Children,112
CongBeta,0.00521258988095319,10.9013698630137,Children,112
CondBeta,0.00620576003717255,10.9013698630137,Children,112
Random,-124.76649250079,17.345205479452055,Adolescents,113
Vanilla,0.325614810698667,17.345205479452055,Adolescents,113
EmoQ,0.197378626926744,17.345205479452055,Adolescents,113
EmoBias,0.259637570398763,17.345205479452055,Adolescents,113
EmoHier,0.157016225082477,17.345205479452055,Adolescents,113
EmoAvg,0.163451843268449,17.345205479452055,Adolescents,113
Cong,0.381820532809481,17.345205479452055,Adolescents,113
Cond,0.387102643134067,17.345205479452055,Adolescents,113
CongBeta,0.375906289145582,17.345205479452055,Adolescents,113
CondBeta,0.384394476889982,17.345205479452055,Adolescents,113
Random,-124.76649250079,18.106849315068494,Adults,114
Vanilla,0.310481648702355,18.106849315068494,Adults,114
EmoQ,0.352798268322287,18.106849315068494,Adults,114
EmoBias,0.373838986216896,18.106849315068494,Adults,114
EmoHier,0.320466926385436,18.106849315068494,Adults,114
EmoAvg,0.371771018247232,18.106849315068494,Adults,114
Cong,0.369316088751815,18.106849315068494,Adults,114
Cond,0.379870892596099,18.106849315068494,Adults,114
CongBeta,0.368692527106636,18.106849315068494,Adults,114
CondBeta,0.373199942621928,18.106849315068494,Adults,114
Random,-124.76649250079,11.07945205479452,Children,115
Vanilla,-1.77635683940025e-15,11.07945205479452,Children,115
EmoQ,0.0293095581898399,11.07945205479452,Children,115
EmoBias,0.0293096665879319,11.07945205479452,Children,115
EmoHier,0.0298104707339835,11.07945205479452,Children,115
EmoAvg,0.0239197203821504,11.07945205479452,Children,115
Cong,0.0229982175498027,11.07945205479452,Children,115
Cond,0.024187450256598,11.07945205479452,Children,115
CongBeta,0.0193840755918527,11.07945205479452,Children,115
CondBeta,0.0419426376735643,11.07945205479452,Children,115
Random,-124.76649250079,11.186301369863012,Children,116
Vanilla,0.186774425644478,11.186301369863012,Children,116
EmoQ,0.152726364924677,11.186301369863012,Children,116
EmoBias,0.333776679303067,11.186301369863012,Children,116
EmoHier,0.21331430728577,11.186301369863012,Children,116
EmoAvg,0.125683995979822,11.186301369863012,Children,116
Cong,0.247389153150572,11.186301369863012,Children,116
Cond,0.283217233784383,11.186301369863012,Children,116
CongBeta,0.244865907642734,11.186301369863012,Children,116
CondBeta,0.295053047816979,11.186301369863012,Children,116
Random,-124.76649250079,17.934246575342467,Adolescents,117
Vanilla,-1.77635683940025e-15,17.934246575342467,Adolescents,117
EmoQ,0.0408520829727302,17.934246575342467,Adolescents,117
EmoBias,0.0408520829726675,17.934246575342467,Adolescents,117
EmoHier,0.00850118535426858,17.934246575342467,Adolescents,117
EmoAvg,0.0408520829727513,17.934246575342467,Adolescents,117
Cong,-1.77635683940025e-15,17.934246575342467,Adolescents,117
Cond,0.0229130338876631,17.934246575342467,Adolescents,117
CongBeta,0.0194268952405849,17.934246575342467,Adolescents,117
CondBeta,0.0206827846894899,17.934246575342467,Adolescents,117
Random,-124.76649250079,19.167123287671235,Adults,118
Vanilla,0.600843264411787,19.167123287671235,Adults,118
EmoQ,0.593992281913894,19.167123287671235,Adults,118
EmoBias,0.552150635127326,19.167123287671235,Adults,118
EmoHier,0.522983437234227,19.167123287671235,Adults,118
EmoAvg,0.478181595774747,19.167123287671235,Adults,118
Cong,0.606207858716444,19.167123287671235,Adults,118
Cond,0.670000127715035,19.167123287671235,Adults,118
CongBeta,0.638091949349026,19.167123287671235,Adults,118
CondBeta,0.688852026995936,19.167123287671235,Adults,118
Random,-124.76649250079,19.46849315068493,Adults,119
Vanilla,0.756569368560089,19.46849315068493,Adults,119
EmoQ,0.283546343203077,19.46849315068493,Adults,119
EmoBias,0.713907319751309,19.46849315068493,Adults,119
EmoHier,0.718265665993169,19.46849315068493,Adults,119
EmoAvg,0.521096248072226,19.46849315068493,Adults,119
Cong,0.760789993886406,19.46849315068493,Adults,119
Cond,0.779293115641124,19.46849315068493,Adults,119
CongBeta,0.758831511674848,19.46849315068493,Adults,119
CondBeta,0.771401547325886,19.46849315068493,Adults,119
Random,-124.76649250079,8.038356164383561,Children,120
Vanilla,-1.77635683940025e-15,8.038356164383561,Children,120
EmoQ,-1.2823965112041e-7,8.038356164383561,Children,120
EmoBias,-2.00374441483575e-8,8.038356164383561,Children,120
EmoHier,0.0100949294905196,8.038356164383561,Children,120
EmoAvg,0.0117385939642368,8.038356164383561,Children,120
Cong,0.0602700200032475,8.038356164383561,Children,120
Cond,0.0605221786039488,8.038356164383561,Children,120
CongBeta,0.0602700155134624,8.038356164383561,Children,120
CondBeta,0.060498435386229,8.038356164383561,Children,120
Random,-124.76649250079,18.39178082191781,Adults,121
Vanilla,0.0249952374979009,18.39178082191781,Adults,121
EmoQ,0.220875851424453,18.39178082191781,Adults,121
EmoBias,0.281386571532504,18.39178082191781,Adults,121
EmoHier,0.234124669837007,18.39178082191781,Adults,121
EmoAvg,0.250460028153502,18.39178082191781,Adults,121
Cong,0.147177415515849,18.39178082191781,Adults,121
Cond,0.173243396942967,18.39178082191781,Adults,121
CongBeta,0.155940246762005,18.39178082191781,Adults,121
CondBeta,0.16987497795572,18.39178082191781,Adults,121
